Age,Tenure,Balance,NumOfProducts,HasCrCard,IsActiveMember,EstimatedSalary,Gender_ male ,Gender_FEMALE,Gender_Female,Gender_MALE,Gender_Male
0.8133333333333334,0.2,0.04764551810760769,0.4,0.0,0.0,0.45160692322667995,0.0,0.0,0.0,0.0,1.0
0.44,0.4,0.3688144742128877,0.4,0.0,1.0,0.38683443037326304,0.0,0.0,1.0,0.0,0.0
0.6933333333333334,0.30000000000000004,0.05314843251248206,0.1,0.0,1.0,0.747897192848995,0.0,0.0,1.0,0.0,0.0
0.6266666666666667,0.05,0.04764551810760769,0.2,1.0,1.0,0.9833653238006876,0.0,0.0,0.0,0.0,1.0
0.92,0.15000000000000002,0.41503982236226195,0.4,0.0,0.0,0.9093535451193645,0.0,0.0,0.0,0.0,1.0
0.41333333333333333,0.35000000000000003,0.04764551810760769,0.4,1.0,1.0,0.6007799264602749,0.0,0.0,0.0,0.0,1.0
0.32,0.2,0.28093736648832474,0.30000000000000004,1.0,0.0,0.8919614921877298,0.0,0.0,0.0,0.0,1.0
0.52,0.2,0.22519644604457156,0.2,1.0,1.0,0.4853714892604669,0.0,0.0,0.0,0.0,1.0
0.68,0.1,0.7873490000373063,0.2,1.0,1.0,0.7389537846627035,0.0,0.0,1.0,0.0,0.0
0.4,0.35000000000000003,0.5462369021875153,0.4,0.0,1.0,0.8361187516294529,0.0,0.0,0.0,0.0,1.0
0.6133333333333334,0.5,0.9676128637753174,0.4,0.0,0.0,0.5428119690834625,0.0,1.0,0.0,0.0,0.0
0.6266666666666667,0.35000000000000003,0.04764551810760769,0.4,1.0,1.0,0.35930690499881646,0.0,0.0,0.0,0.0,1.0
0.4,0.15000000000000002,0.04764551810760769,0.1,1.0,0.0,0.7735337524608116,0.0,0.0,0.0,0.0,1.0
0.41333333333333333,0.4,0.04764551810760769,0.4,0.0,0.0,0.785085485878608,0.0,0.0,0.0,0.0,1.0
0.0,0.4,0.04764551810760769,0.1,0.0,0.0,0.9820365005463357,0.0,0.0,0.0,0.0,1.0
0.36,0.5,0.2761581875035049,0.30000000000000004,0.0,0.0,0.8122813181606545,0.0,0.0,0.0,0.0,1.0
0.4666666666666667,0.15000000000000002,0.04764551810760769,0.1,1.0,0.0,0.680864675020804,0.0,0.0,1.0,0.0,0.0
0.6,0.35000000000000003,0.04764551810760769,0.1,1.0,0.0,0.4002096004216219,0.0,0.0,0.0,0.0,1.0
0.5866666666666667,0.1,0.6443887658919839,0.1,0.0,1.0,0.6470265772654323,0.0,0.0,1.0,0.0,0.0
0.56,0.5,0.04764551810760769,0.30000000000000004,1.0,0.0,0.5271133466977654,0.0,0.0,1.0,0.0,0.0
0.9866666666666667,0.45,0.34138714113217095,0.4,0.0,0.0,0.6654265650201496,0.0,0.0,0.0,0.0,1.0
0.8533333333333334,0.4,0.9464259500742627,0.4,1.0,1.0,0.8073105737815294,0.0,0.0,0.0,0.0,1.0
0.52,0.05,0.9783834666621689,0.2,0.0,0.0,0.5745441583499122,0.0,0.0,1.0,0.0,0.0
0.32,0.25,0.5164826572934592,0.2,1.0,0.0,0.7872277100341087,0.0,0.0,1.0,0.0,0.0
0.52,0.30000000000000004,0.40112209006784866,0.2,1.0,1.0,0.6985549065867016,0.0,0.0,0.0,0.0,1.0
0.7333333333333334,0.45,0.35655633060519865,0.4,0.0,0.0,0.7343972189602594,0.0,0.0,0.0,0.0,1.0
0.5466666666666667,0.5,0.04764551810760769,0.4,1.0,0.0,0.4635381703666962,0.0,0.0,1.0,0.0,0.0
0.8133333333333334,0.1,0.04764551810760769,0.4,0.0,0.0,0.48610625623894144,0.0,0.0,0.0,0.0,1.0
0.8533333333333334,0.15000000000000002,0.2691087948718938,0.2,1.0,0.0,0.686109337568227,0.0,0.0,0.0,0.0,1.0
0.3066666666666667,0.25,0.04764551810760769,0.30000000000000004,0.0,0.0,0.5772352192735946,0.0,0.0,1.0,0.0,0.0
0.3333333333333333,0.2,0.8934973539823292,0.1,1.0,1.0,0.40486565904531213,0.0,0.0,0.0,0.0,1.0
0.8,0.4,0.04764551810760769,1.0,1.0,0.0,0.7816133379940106,0.0,0.0,1.0,0.0,0.0
0.9066666666666667,0.1,0.04764551810760769,0.4,0.0,0.0,0.4645518076498201,0.0,0.0,1.0,0.0,0.0
0.48000000000000004,0.25,0.2219600765815942,0.4,1.0,0.0,0.8189642511779582,0.0,0.0,1.0,0.0,0.0
0.9333333333333333,0.15000000000000002,0.6557461709798487,0.2,1.0,1.0,0.9867060149748602,0.0,0.0,0.0,0.0,1.0
0.4,0.1,0.04764551810760769,0.4,0.0,1.0,0.9121023809671492,0.0,0.0,1.0,0.0,0.0
0.9333333333333333,0.15000000000000002,0.5947534756571663,0.1,1.0,0.0,0.996887907443271,0.0,0.0,0.0,0.0,1.0
0.9066666666666667,0.25,0.8900912235383344,0.1,0.0,1.0,0.5652315408867385,0.0,0.0,1.0,0.0,0.0
0.7066666666666667,0.15000000000000002,0.9819073768269256,0.30000000000000004,0.0,0.0,0.47429676162296414,0.0,0.0,0.0,0.0,1.0
0.3333333333333333,0.1,0.04764551810760769,0.2,1.0,0.0,0.7208507250027663,0.0,0.0,1.0,0.0,0.0
0.72,0.30000000000000004,0.04764551810760769,0.30000000000000004,1.0,1.0,0.5598995406618414,0.0,0.0,1.0,0.0,0.0
0.41333333333333333,0.30000000000000004,0.04764551810760769,0.2,0.0,1.0,0.876952017100177,0.0,0.0,1.0,0.0,0.0
0.4666666666666667,0.5,0.057326086831193314,0.1,1.0,0.0,0.3962825562947856,0.0,0.0,0.0,0.0,1.0
0.48000000000000004,0.15000000000000002,0.37287877984402096,0.2,1.0,1.0,0.7261953806872284,0.0,0.0,0.0,0.0,1.0
0.6266666666666667,0.5,0.04764551810760769,0.2,1.0,1.0,0.0,0.0,0.0,0.0,0.0,1.0
0.37333333333333335,0.30000000000000004,0.04764551810760769,0.1,1.0,0.0,0.5267301313786767,0.0,0.0,1.0,0.0,0.0
0.8133333333333334,0.2,0.8507707115186327,0.4,1.0,0.0,0.8050302400455557,0.0,0.0,0.0,0.0,1.0
0.5066666666666667,0.1,0.5419380853162564,0.30000000000000004,0.0,1.0,0.5262679820074381,0.0,0.0,0.0,0.0,1.0
0.64,0.25,0.2271852652614193,0.30000000000000004,0.0,0.0,0.7978691507516343,0.0,0.0,0.0,0.0,1.0
0.3066666666666667,0.1,0.2797634285676714,0.4,0.0,1.0,0.9579123433849364,0.0,0.0,1.0,0.0,0.0
0.8133333333333334,0.25,0.04764551810760769,0.30000000000000004,1.0,1.0,0.5816331665480488,0.0,0.0,1.0,0.0,0.0
0.68,0.25,0.14168462068902757,0.2,1.0,1.0,0.4641649407554419,0.0,0.0,1.0,0.0,0.0
0.64,0.25,0.04764551810760769,0.2,1.0,0.0,0.6092909481150168,0.0,0.0,1.0,0.0,0.0
0.36,0.2,0.04764551810760769,0.2,1.0,0.0,0.6773307504857595,0.0,0.0,0.0,0.0,1.0
0.36,0.2,0.6363267630640318,0.30000000000000004,1.0,0.0,0.9140736313645706,0.0,0.0,1.0,0.0,0.0
0.56,0.4,0.04764551810760769,0.4,0.0,0.0,0.8776613230947831,0.0,0.0,1.0,0.0,0.0
0.45333333333333337,0.15000000000000002,0.8302943354291167,0.2,0.0,1.0,0.5283026597674236,0.0,0.0,0.0,0.0,1.0
0.9066666666666667,0.1,0.0893527847113918,0.30000000000000004,0.0,0.0,0.776554705700039,0.0,0.0,1.0,0.0,0.0
0.4266666666666667,0.5,0.04764551810760769,0.1,0.0,1.0,0.8007241824122927,0.0,0.0,0.0,0.0,1.0
0.44,0.4,0.04764551810760769,0.1,0.0,1.0,0.4655365324601033,0.0,0.0,0.0,0.0,1.0
0.76,0.05,0.7461188080063338,0.2,0.0,0.0,0.7276675157663015,0.0,0.0,0.0,0.0,1.0
0.72,0.25,0.04764551810760769,0.1,0.0,0.0,0.5050713877966955,0.0,0.0,0.0,0.0,1.0
0.9466666666666667,0.2,0.8360122740572108,0.1,0.0,0.0,0.6032413383133484,0.0,0.0,1.0,0.0,0.0
0.8400000000000001,0.15000000000000002,0.04764551810760769,0.4,1.0,0.0,0.9683123799607151,0.0,0.0,1.0,0.0,0.0
0.92,0.25,0.13935899530467713,0.1,1.0,0.0,0.4884838819466718,0.0,0.0,1.0,0.0,0.0
0.5066666666666667,0.45,0.04764551810760769,0.2,1.0,0.0,0.9977857447702939,0.0,0.0,0.0,0.0,1.0
0.76,0.35000000000000003,0.04764551810760769,0.2,0.0,1.0,0.7975635689236337,0.0,0.0,1.0,0.0,0.0
0.52,0.30000000000000004,0.04764551810760769,0.4,1.0,0.0,0.8845906624117644,0.0,0.0,0.0,0.0,1.0
0.36,0.25,0.27354430673460345,0.4,0.0,0.0,0.9226320234549183,0.0,0.0,0.0,0.0,1.0
0.38666666666666666,0.45,0.6136069024633829,0.2,1.0,0.0,0.66336972770053,0.0,0.0,0.0,0.0,1.0
0.8133333333333334,0.5,0.04764551810760769,0.2,0.0,0.0,0.35753409020651505,0.0,0.0,1.0,0.0,0.0
0.56,0.4,0.04764551810760769,0.30000000000000004,0.0,0.0,0.7295044082016982,0.0,0.0,1.0,0.0,0.0
0.9466666666666667,0.45,0.8759687108070946,0.1,1.0,1.0,0.35805486486870436,0.0,0.0,1.0,0.0,0.0
0.92,0.25,0.04764551810760769,0.30000000000000004,1.0,0.0,0.5146656267513805,0.0,0.0,0.0,0.0,1.0
0.5333333333333333,0.45,0.04764551810760769,0.30000000000000004,0.0,0.0,0.8033478642686455,0.0,0.0,0.0,0.0,1.0
0.6,0.45,0.9202046203478855,0.4,1.0,1.0,0.6067008807599599,0.0,0.0,1.0,0.0,0.0
1.0,0.4,0.21329135572605984,0.2,1.0,1.0,0.49932200751404154,0.0,0.0,0.0,0.0,1.0
0.7866666666666667,0.45,0.07349580836172173,0.2,0.0,0.0,0.5320758375163046,0.0,0.0,1.0,0.0,0.0
0.4666666666666667,0.15000000000000002,0.832295304253082,0.30000000000000004,1.0,0.0,0.7490430371662335,0.0,0.0,1.0,0.0,0.0
0.6933333333333334,0.1,0.04764551810760769,0.30000000000000004,1.0,0.0,0.8558106967345713,0.0,0.0,1.0,0.0,0.0
0.92,0.05,0.4096135695960227,0.30000000000000004,0.0,1.0,0.8893404114535011,0.0,0.0,0.0,0.0,1.0
0.7333333333333334,0.1,0.04764551810760769,0.1,0.0,1.0,0.3991555957239953,0.0,0.0,1.0,0.0,0.0
0.36,0.25,0.04764551810760769,0.30000000000000004,0.0,0.0,0.9645137912495451,0.0,0.0,0.0,0.0,1.0
0.52,0.25,0.4795915902420645,0.1,0.0,0.0,0.7443346059490064,0.0,0.0,0.0,0.0,1.0
0.9466666666666667,0.4,0.63848577207156,0.30000000000000004,1.0,0.0,0.7868620522893577,0.0,0.0,1.0,0.0,0.0
0.3333333333333333,0.1,0.8604023959406399,0.4,0.0,1.0,0.9202218336990577,0.0,0.0,1.0,0.0,0.0
0.9333333333333333,0.35000000000000003,0.04764551810760769,0.2,1.0,0.0,0.48863749821673064,0.0,0.0,1.0,0.0,0.0
0.7466666666666667,0.30000000000000004,0.6289660069715874,0.2,0.0,0.0,0.4093279340707581,0.0,0.0,1.0,0.0,0.0
0.8,0.05,0.7954273929234875,0.2,0.0,1.0,0.9109293749323458,0.0,0.0,0.0,0.0,1.0
0.3466666666666667,0.5,0.9309502569832487,0.1,1.0,1.0,0.648718106991356,0.0,0.0,0.0,0.0,1.0
1.0,0.1,0.04764551810760769,0.30000000000000004,1.0,0.0,0.39948348717636784,0.0,0.0,1.0,0.0,0.0
0.5066666666666667,0.30000000000000004,0.713900670434379,0.4,1.0,1.0,0.6178463389106061,0.0,0.0,0.0,0.0,1.0
0.6533333333333333,0.1,0.04764551810760769,0.30000000000000004,0.0,0.0,0.5745515615436498,0.0,0.0,0.0,0.0,1.0
0.5866666666666667,0.25,0.04764551810760769,0.1,1.0,1.0,0.9316431108380154,0.0,0.0,0.0,0.0,1.0
0.64,0.45,0.04764551810760769,0.1,1.0,0.0,0.6828716408258523,0.0,0.0,0.0,0.0,1.0
0.9333333333333333,0.05,0.04764551810760769,0.4,0.0,0.0,0.4701414690297394,0.0,0.0,0.0,0.0,1.0
0.5866666666666667,0.5,0.7729586242032657,0.4,1.0,0.0,0.3906904438574801,0.0,0.0,1.0,0.0,0.0
0.9733333333333334,0.35000000000000003,0.04764551810760769,0.2,0.0,0.0,0.3699665035496313,0.0,0.0,0.0,0.0,1.0
0.8,0.15000000000000002,0.4289792810129323,0.1,0.0,0.0,0.4686866914386867,0.0,0.0,1.0,0.0,0.0
0.52,0.35000000000000003,0.13698877371537796,0.4,0.0,0.0,0.5731497067835064,0.0,0.0,1.0,0.0,0.0
0.4266666666666667,0.15000000000000002,0.6675887503786032,0.30000000000000004,1.0,0.0,0.8292923567226902,0.0,0.0,1.0,0.0,0.0
0.8266666666666667,0.05,0.587599072303646,0.1,0.0,1.0,0.9351742341646186,0.0,0.0,1.0,0.0,0.0
0.8933333333333334,0.30000000000000004,0.04764551810760769,0.1,1.0,0.0,0.44955238689970856,0.0,0.0,0.0,0.0,1.0
0.3466666666666667,0.4,0.04764551810760769,0.30000000000000004,0.0,0.0,0.6170241342114988,0.0,0.0,0.0,0.0,1.0
0.7066666666666667,0.30000000000000004,0.4296351692152016,0.30000000000000004,1.0,0.0,0.8814771192292354,0.0,0.0,1.0,0.0,0.0
0.8,0.15000000000000002,0.8307064215152293,0.30000000000000004,0.0,1.0,0.6600874117094114,0.0,0.0,1.0,0.0,0.0
0.36,0.30000000000000004,0.9702095921577002,0.30000000000000004,1.0,0.0,0.8289182453310359,0.0,0.0,0.0,0.0,1.0
0.3066666666666667,0.5,0.7803769837271021,0.1,1.0,0.0,0.9562218140905986,0.0,0.0,1.0,0.0,0.0
0.3333333333333333,0.05,0.40249442392590207,0.2,0.0,0.0,0.7071043448143529,0.0,0.0,1.0,0.0,0.0
0.8266666666666667,0.1,0.04764551810760769,0.1,1.0,0.0,0.42603624203481383,0.0,0.0,0.0,0.0,1.0
0.8,0.35000000000000003,0.04764551810760769,0.1,0.0,1.0,0.8352437741641744,0.0,0.0,1.0,0.0,0.0
1.0,0.4,0.9919557213047839,0.4,0.0,0.0,0.9526031029786249,0.0,0.0,0.0,0.0,1.0
0.68,0.4,0.04764551810760769,0.2,1.0,1.0,0.8867187804818999,0.0,0.0,1.0,0.0,0.0
0.5466666666666667,0.5,0.04764551810760769,0.1,1.0,0.0,0.7942810028246186,0.0,0.0,0.0,0.0,1.0
0.8266666666666667,0.15000000000000002,0.04764551810760769,0.30000000000000004,0.0,0.0,0.7256791579887564,0.0,0.0,0.0,0.0,1.0
0.92,0.35000000000000003,0.04764551810760769,0.4,1.0,0.0,0.7031553912357791,0.0,0.0,1.0,0.0,0.0
0.3333333333333333,0.35000000000000003,0.7450771816894652,0.4,1.0,0.0,0.9215064378773002,0.0,0.0,0.0,0.0,1.0
0.6933333333333334,0.35000000000000003,0.04764551810760769,0.2,0.0,0.0,0.8098866851159591,0.0,0.0,0.0,0.0,1.0
0.7333333333333334,0.2,0.5927485999007163,0.1,0.0,1.0,0.5726001697132143,0.0,0.0,1.0,0.0,0.0
0.7066666666666667,0.2,0.4857128958264575,0.4,0.0,0.0,0.7012119028148744,0.0,0.0,0.0,0.0,1.0
0.3466666666666667,0.1,0.04764551810760769,0.30000000000000004,1.0,1.0,0.8158683656129254,0.0,0.0,0.0,0.0,1.0
0.56,0.5,0.37717302274554154,0.4,0.0,0.0,0.5373860783542019,0.0,0.0,1.0,0.0,0.0
0.64,0.4,0.04764551810760769,0.1,0.0,1.0,0.9172762629798494,0.0,0.0,1.0,0.0,0.0
0.7733333333333333,0.2,0.04764551810760769,0.4,0.0,1.0,0.8516777637872979,0.0,0.0,0.0,0.0,1.0
0.41333333333333333,0.30000000000000004,0.1257217045298452,0.4,0.0,1.0,0.9423525809034017,0.0,0.0,0.0,0.0,1.0
0.7866666666666667,0.25,0.20934764090125693,0.2,0.0,0.0,0.5661393825296233,0.0,0.0,1.0,0.0,0.0
0.9733333333333334,0.4,0.04764551810760769,0.1,0.0,0.0,0.48383562668935376,0.0,0.0,1.0,0.0,0.0
0.64,0.45,0.1607521188081016,0.1,1.0,0.0,0.9503341241411545,0.0,0.0,0.0,0.0,1.0
0.6533333333333333,0.1,0.9232390681051229,0.30000000000000004,0.0,1.0,0.6626153522629662,0.0,0.0,0.0,0.0,1.0
0.6266666666666667,0.35000000000000003,0.04764551810760769,0.4,0.0,0.0,0.8576922084187119,0.0,0.0,0.0,0.0,1.0
0.64,0.1,0.04764551810760769,0.1,1.0,0.0,0.4468235096620682,0.0,0.0,0.0,0.0,1.0
0.6666666666666667,0.4,0.04764551810760769,0.4,0.0,1.0,0.8378357423392452,0.0,0.0,0.0,0.0,1.0
0.5466666666666667,0.05,0.08706446576771962,0.4,1.0,0.0,0.392880088470166,0.0,0.0,1.0,0.0,0.0
0.92,0.1,0.549608489630882,0.1,1.0,1.0,0.7140742516321541,0.0,0.0,0.0,0.0,1.0
0.3066666666666667,0.4,0.04764551810760769,0.30000000000000004,1.0,1.0,0.5262110574501839,0.0,0.0,0.0,0.0,1.0
0.7333333333333334,0.35000000000000003,0.9805798297558933,0.2,0.0,0.0,0.6154554074627794,0.0,0.0,0.0,0.0,1.0
0.3333333333333333,0.4,0.04764551810760769,0.1,1.0,1.0,0.5707725312699898,0.0,0.0,1.0,0.0,0.0
0.9733333333333334,0.05,0.5802633301082082,0.2,0.0,1.0,0.9931021242564042,0.0,0.0,0.0,0.0,1.0
0.9066666666666667,0.2,0.9478482164352929,0.1,1.0,0.0,0.5608354944322981,0.0,0.0,1.0,0.0,0.0
0.4266666666666667,0.35000000000000003,0.04764551810760769,0.30000000000000004,1.0,0.0,0.9200855749170193,0.0,0.0,1.0,0.0,0.0
0.5333333333333333,0.1,0.04764551810760769,0.4,0.0,1.0,0.8867022733607278,0.0,0.0,0.0,0.0,1.0
0.45333333333333337,0.2,0.6441942292415506,0.4,1.0,0.0,0.6337556521883541,0.0,0.0,0.0,0.0,1.0
0.9866666666666667,0.5,0.7764196899296384,0.1,1.0,1.0,0.6671180947460734,0.0,0.0,1.0,0.0,0.0
0.72,0.05,0.04764551810760769,0.2,0.0,1.0,0.8045969031039991,0.0,0.0,1.0,0.0,0.0
0.41333333333333333,0.30000000000000004,0.6640154794570869,0.4,1.0,1.0,0.9357756936342337,0.0,0.0,1.0,0.0,0.0
0.7866666666666667,0.30000000000000004,0.04764551810760769,0.2,1.0,0.0,0.5283638361589189,0.0,0.0,1.0,0.0,0.0
0.6266666666666667,0.30000000000000004,0.04764551810760769,0.1,1.0,1.0,0.4391651058266536,0.0,0.0,1.0,0.0,0.0
0.37333333333333335,0.4,0.04764551810760769,0.1,0.0,0.0,0.7229532320242953,0.0,0.0,0.0,0.0,1.0
0.5733333333333334,0.5,0.45256181136443757,0.4,1.0,0.0,0.47004387692850697,0.0,0.0,0.0,0.0,1.0
0.9733333333333334,0.5,0.04764551810760769,0.4,0.0,1.0,0.9454917851561163,0.0,0.0,0.0,0.0,1.0
0.8266666666666667,0.15000000000000002,0.04764551810760769,0.30000000000000004,1.0,1.0,0.43793977721989263,0.0,0.0,0.0,0.0,1.0
0.41333333333333333,0.5,0.04764551810760769,0.1,1.0,0.0,0.6185826565580392,0.0,0.0,0.0,0.0,1.0
0.8266666666666667,0.5,0.04764551810760769,0.30000000000000004,1.0,0.0,0.3516723114351531,0.0,0.0,0.0,0.0,1.0
0.9466666666666667,0.4,0.04764551810760769,0.1,0.0,0.0,0.8210213386054743,0.0,0.0,0.0,0.0,1.0
0.4,0.45,0.9089306902077454,0.30000000000000004,0.0,1.0,0.3837027793790241,0.0,0.0,0.0,0.0,1.0
0.72,0.5,0.04764551810760769,0.30000000000000004,1.0,0.0,0.6578704052928434,0.0,0.0,0.0,0.0,1.0
0.49333333333333335,0.25,0.04764551810760769,0.4,1.0,1.0,0.6244151226839258,0.0,0.0,0.0,0.0,1.0
0.7066666666666667,0.2,0.8531660422959746,0.30000000000000004,1.0,0.0,0.3742163869493299,0.0,0.0,0.0,0.0,1.0
0.76,0.1,0.04764551810760769,0.4,1.0,0.0,0.6131800758847367,0.0,0.0,0.0,0.0,1.0
0.9466666666666667,0.2,0.04764551810760769,0.1,1.0,0.0,0.9262851494134569,0.0,0.0,1.0,0.0,0.0
0.32,0.35000000000000003,0.49039926134200373,0.2,0.0,0.0,0.4707604860736922,0.0,0.0,0.0,0.0,1.0
0.72,0.15000000000000002,0.11880843514346756,0.4,0.0,1.0,0.4077290943312945,0.0,0.0,0.0,0.0,1.0
0.88,0.45,0.6030525625832218,0.30000000000000004,0.0,1.0,0.40978132966561776,0.0,0.0,1.0,0.0,0.0
0.56,0.25,0.04764551810760769,0.30000000000000004,0.0,1.0,0.5432862236768943,0.0,0.0,1.0,0.0,0.0
0.5333333333333333,0.25,0.04764551810760769,0.1,1.0,0.0,0.6283236088048384,0.0,0.0,0.0,0.0,1.0
0.6133333333333334,0.2,0.25934656173027176,0.1,0.0,0.0,0.40829328772432427,0.0,0.0,0.0,0.0,1.0
0.9066666666666667,0.4,0.04764551810760769,0.2,0.0,0.0,0.9946887087089371,0.0,0.0,1.0,0.0,0.0
0.56,0.30000000000000004,0.04764551810760769,0.2,1.0,0.0,0.4649437767452879,0.0,0.0,0.0,0.0,1.0
0.9466666666666667,0.5,0.7915698211954232,0.1,0.0,1.0,0.9803396185114258,0.0,0.0,1.0,0.0,0.0
0.76,0.2,0.04764551810760769,0.30000000000000004,1.0,0.0,0.8432187645750376,0.0,0.0,1.0,0.0,0.0
0.6133333333333334,0.15000000000000002,0.8259388203913098,0.1,1.0,0.0,0.6993350431376095,1.0,0.0,0.0,0.0,0.0
0.48000000000000004,0.25,0.04764551810760769,0.4,0.0,0.0,0.43437208811881445,0.0,0.0,0.0,0.0,1.0
0.6266666666666667,0.1,0.04764551810760769,0.30000000000000004,1.0,0.0,0.7083628877497753,0.0,0.0,0.0,0.0,1.0
0.6133333333333334,0.30000000000000004,0.0,0.4,1.0,1.0,0.4028538411470708,0.0,0.0,1.0,0.0,0.0
0.4666666666666667,0.25,0.9924732469224687,0.4,0.0,1.0,0.6857471813340275,0.0,0.0,1.0,0.0,0.0
0.3333333333333333,0.4,0.6801887982242325,0.30000000000000004,0.0,0.0,0.8273983896653015,0.0,0.0,1.0,0.0,0.0
0.5066666666666667,0.4,0.04764551810760769,0.30000000000000004,1.0,0.0,0.5673505050078604,0.0,0.0,1.0,0.0,0.0
1.0,0.5,0.04764551810760769,0.2,1.0,0.0,0.923462531736191,0.0,0.0,1.0,0.0,0.0
0.9733333333333334,0.35000000000000003,0.057288446871888304,0.30000000000000004,0.0,1.0,0.9410618240709042,0.0,0.0,0.0,0.0,1.0
0.32,0.35000000000000003,0.04764551810760769,0.2,0.0,0.0,0.7142069088604823,0.0,0.0,0.0,0.0,1.0
0.7466666666666667,0.4,0.8286375101824428,0.2,0.0,1.0,0.3621342247045375,0.0,0.0,0.0,0.0,1.0
0.7466666666666667,0.25,0.14960425870887412,0.4,1.0,1.0,0.3942641855696547,0.0,0.0,1.0,0.0,0.0
0.52,0.30000000000000004,0.7242396525726935,0.1,1.0,1.0,0.39872335925718355,0.0,0.0,1.0,0.0,0.0
0.48000000000000004,0.2,0.6664043304439662,0.1,1.0,0.0,0.39282646533714644,0.0,0.0,0.0,0.0,1.0
0.92,1.0,0.04764551810760769,0.2,1.0,1.0,0.6548330949971818,0.0,0.0,0.0,0.0,1.0
0.76,0.45,0.04764551810760769,0.1,0.0,0.0,0.4937132378908261,0.0,0.0,0.0,0.0,1.0
0.48000000000000004,0.2,0.04764551810760769,0.30000000000000004,0.0,1.0,0.4483810815986016,0.0,0.0,0.0,0.0,1.0
0.5733333333333334,0.25,0.6578257549086914,0.30000000000000004,0.0,0.0,0.9900125414103644,0.0,0.0,1.0,0.0,0.0
0.8,0.1,0.25446442078082143,0.1,0.0,1.0,0.589796538226591,0.0,0.0,0.0,0.0,1.0
0.5066666666666667,0.4,0.04764551810760769,0.1,0.0,0.0,0.45007186100083574,0.0,0.0,1.0,0.0,0.0
0.9600000000000001,0.2,0.04764551810760769,0.4,1.0,0.0,0.943100253449338,0.0,0.0,0.0,0.0,1.0
0.56,0.45,0.04764551810760769,0.1,1.0,1.0,0.5111214477925777,0.0,0.0,1.0,0.0,0.0
0.9333333333333333,0.45,0.204896072498945,0.2,0.0,0.0,0.7339881925062473,0.0,0.0,1.0,0.0,0.0
0.4666666666666667,0.05,0.06342804833523463,0.2,1.0,1.0,0.6622459428997669,0.0,0.0,0.0,0.0,1.0
0.72,0.45,0.8679315312940765,0.1,1.0,0.0,0.6626153522629662,0.0,0.0,0.0,0.0,1.0
0.52,0.45,0.04764551810760769,0.4,1.0,1.0,0.4869373147575864,0.0,0.0,1.0,0.0,0.0
0.8266666666666667,0.1,0.36194298994589047,0.1,0.0,0.0,0.578156916893948,0.0,0.0,0.0,0.0,1.0
0.9866666666666667,0.5,0.4287512019177512,0.2,0.0,1.0,0.7984967214856489,0.0,0.0,0.0,1.0,0.0
0.7466666666666667,0.5,0.04764551810760769,0.4,0.0,0.0,0.8095584435125313,0.0,0.0,0.0,0.0,1.0
0.37333333333333335,0.45,0.10168644646528147,0.1,1.0,1.0,0.9165253390312581,0.0,0.0,0.0,0.0,1.0
0.56,0.35000000000000003,0.678963879599204,0.4,1.0,1.0,0.8598620945075706,0.0,0.0,0.0,0.0,1.0
0.8400000000000001,0.5,0.46827368328871094,0.2,1.0,0.0,0.7730246828481807,0.0,0.0,0.0,0.0,1.0
0.9733333333333334,0.5,0.3643665745154701,0.4,0.0,1.0,0.9170869313021638,0.0,0.0,1.0,0.0,0.0
0.72,0.15000000000000002,0.20569923299768494,0.2,0.0,1.0,0.5662487797235727,0.0,0.0,1.0,0.0,0.0
0.3333333333333333,0.5,0.04764551810760769,0.1,1.0,0.0,0.4825340651957254,0.0,0.0,1.0,0.0,0.0
0.9466666666666667,0.25,0.04764551810760769,0.4,1.0,0.0,0.5751058506639765,0.0,0.0,0.0,0.0,1.0
0.56,0.4,0.04764551810760769,0.4,0.0,1.0,0.36926570122350777,0.0,0.0,1.0,0.0,0.0
0.7733333333333333,0.1,0.6191391665074115,0.2,0.0,1.0,0.9953160293350551,0.0,0.0,0.0,0.0,1.0
0.45333333333333337,0.15000000000000002,0.6430732254915147,0.1,0.0,0.0,0.4357069639842628,0.0,0.0,0.0,0.0,1.0
0.9333333333333333,0.35000000000000003,0.6521507448924124,0.2,1.0,0.0,0.6187371732165257,0.0,0.0,1.0,0.0,0.0
0.8400000000000001,0.30000000000000004,0.04764551810760769,0.2,1.0,0.0,0.5837535312733912,0.0,0.0,0.0,0.0,1.0
0.37333333333333335,0.05,0.04764551810760769,0.4,1.0,0.0,0.7772141401800737,0.0,0.0,1.0,0.0,0.0
0.8266666666666667,0.4,0.04764551810760769,0.30000000000000004,0.0,0.0,0.9248102631475219,0.0,0.0,1.0,0.0,0.0
0.5066666666666667,0.5,0.4779166596985097,0.2,0.0,0.0,0.6424091353009689,0.0,0.0,1.0,0.0,0.0
0.45333333333333337,0.05,0.29184323500108367,0.4,1.0,0.0,0.7439207274018012,0.0,0.0,1.0,0.0,0.0
0.45333333333333337,0.25,0.7936613165037928,0.4,1.0,1.0,0.9121339946052728,0.0,0.0,1.0,0.0,0.0
0.76,0.30000000000000004,0.04764551810760769,0.1,0.0,0.0,0.7303510234315084,0.0,0.0,0.0,0.0,1.0
0.56,0.25,0.04764551810760769,0.30000000000000004,1.0,1.0,0.5602766533482544,0.0,0.0,0.0,0.0,1.0
0.8133333333333334,0.4,0.5412702857344602,0.30000000000000004,1.0,1.0,0.4409635316675614,0.0,0.0,1.0,0.0,0.0
0.8933333333333334,0.2,0.7205501742325129,0.4,0.0,0.0,0.9808659955904978,0.0,0.0,0.0,0.0,1.0
0.4,0.30000000000000004,0.8755355177564602,0.30000000000000004,1.0,0.0,0.8951611225082501,0.0,0.0,0.0,0.0,1.0
0.4266666666666667,0.1,0.2838972966552417,0.4,0.0,1.0,0.8499042486928862,0.0,0.0,0.0,0.0,1.0
0.6266666666666667,0.2,0.04764551810760769,0.30000000000000004,1.0,1.0,0.6062733963431824,0.0,0.0,1.0,0.0,0.0
0.64,0.1,0.9999999999999999,0.30000000000000004,0.0,0.0,0.6147553554603455,0.0,0.0,0.0,0.0,1.0
0.41333333333333333,0.25,0.04764551810760769,0.30000000000000004,1.0,1.0,0.6129556290583758,0.0,0.0,0.0,0.0,1.0
0.8,0.15000000000000002,0.818365803515696,0.1,0.0,0.0,0.6334023997952717,0.0,0.0,1.0,0.0,0.0
0.6133333333333334,0.30000000000000004,0.04764551810760769,0.30000000000000004,0.0,1.0,0.7467127818941092,0.0,0.0,0.0,0.0,1.0
0.5466666666666667,0.45,0.6179652762322763,0.1,0.0,1.0,0.35968876973526376,0.0,0.0,0.0,0.0,1.0
0.4,0.5,0.04764551810760769,0.30000000000000004,0.0,1.0,0.9688790244111309,0.0,0.0,0.0,0.0,1.0
0.6666666666666667,0.25,0.04764551810760769,0.4,0.0,1.0,0.6926042394689069,0.0,0.0,0.0,0.0,1.0
0.7733333333333333,0.35000000000000003,0.8232390823987784,0.4,0.0,0.0,0.36200736997940913,0.0,0.0,0.0,0.0,1.0
0.5066666666666667,0.25,0.04764551810760769,0.4,0.0,0.0,0.38934176203614235,0.0,0.0,0.0,0.0,1.0
0.5866666666666667,0.15000000000000002,0.04764551810760769,0.4,1.0,0.0,0.5353983708571878,0.0,0.0,0.0,0.0,1.0
0.92,0.15000000000000002,0.6032183689862363,0.4,1.0,1.0,0.6102016409879222,0.0,0.0,1.0,0.0,0.0
0.64,0.45,0.04764551810760769,0.30000000000000004,1.0,1.0,0.87023311856735,0.0,0.0,0.0,0.0,1.0
0.9466666666666667,0.5,0.22803364135684337,0.4,1.0,1.0,0.40675082230474224,0.0,0.0,0.0,0.0,1.0
0.88,0.4,0.04764551810760769,0.30000000000000004,0.0,0.0,0.7650204298134216,0.0,0.0,0.0,0.0,1.0
0.6666666666666667,0.45,0.04764551810760769,0.2,1.0,1.0,0.5847544130537914,0.0,0.0,0.0,0.0,1.0
0.6133333333333334,0.05,0.04764551810760769,0.4,1.0,1.0,0.8850811239968923,0.0,0.0,1.0,0.0,0.0
0.4266666666666667,0.45,0.14299148960520114,0.2,0.0,0.0,0.7316111170358893,0.0,0.0,1.0,0.0,0.0
0.76,0.1,0.04764551810760769,0.1,1.0,1.0,0.5532153070834758,0.0,0.0,1.0,0.0,0.0
0.38666666666666666,0.5,0.04764551810760769,0.1,0.0,1.0,0.44234417727807773,0.0,0.0,0.0,0.0,1.0
0.38666666666666666,0.25,0.6932061255174482,0.2,0.0,0.0,0.8212902546158413,0.0,0.0,1.0,0.0,0.0
0.6133333333333334,0.15000000000000002,0.6243500138862862,0.2,1.0,0.0,0.8525725497979828,1.0,0.0,0.0,0.0,0.0
0.7866666666666667,0.05,0.04764551810760769,0.4,0.0,0.0,0.5735617345322772,0.0,0.0,1.0,0.0,0.0
0.4666666666666667,0.05,0.8411375977310823,0.1,1.0,0.0,0.7664399922126405,0.0,0.0,1.0,0.0,0.0
0.4,0.1,0.6972742904355481,0.1,1.0,0.0,0.4739155971886272,0.0,0.0,0.0,0.0,1.0
0.88,0.1,0.04764551810760769,0.2,0.0,1.0,0.5670648317684249,0.0,0.0,1.0,0.0,0.0
0.7733333333333333,0.25,0.04764551810760769,0.30000000000000004,0.0,0.0,0.6985893714548457,0.0,0.0,1.0,0.0,0.0
0.5066666666666667,0.05,0.3376626909816992,0.4,0.0,1.0,0.5989004656608861,0.0,0.0,1.0,0.0,0.0
0.9733333333333334,0.4,0.0713979523766847,0.4,1.0,1.0,0.508596258425885,0.0,0.0,0.0,0.0,1.0
0.56,0.30000000000000004,0.29612837760864574,0.30000000000000004,1.0,0.0,0.7458379044719892,0.0,0.0,0.0,0.0,1.0
0.9866666666666667,0.1,0.11224664674416973,0.1,0.0,1.0,0.5723353554723507,0.0,0.0,1.0,0.0,0.0
0.32,0.45,0.04764551810760769,0.30000000000000004,1.0,1.0,0.6409581593499436,0.0,0.0,0.0,0.0,1.0
0.37333333333333335,0.15000000000000002,0.04764551810760769,0.2,1.0,0.0,0.6044385547925375,0.0,0.0,0.0,0.0,1.0
0.9466666666666667,0.5,0.04764551810760769,0.30000000000000004,1.0,0.0,0.6964132326685732,0.0,0.0,0.0,0.0,1.0
0.3333333333333333,0.35000000000000003,0.04764551810760769,0.30000000000000004,0.0,0.0,0.46299068418115574,0.0,1.0,0.0,0.0,0.0
0.5333333333333333,0.2,0.5957368791509073,0.1,1.0,0.0,0.6618659289617541,0.0,0.0,0.0,0.0,1.0
0.7066666666666667,0.05,0.6272262308778882,0.2,0.0,1.0,0.6769599905399188,0.0,0.0,1.0,0.0,0.0
0.6266666666666667,0.25,0.04764551810760769,0.2,1.0,0.0,0.5013746930425786,0.0,0.0,0.0,0.0,1.0
0.45333333333333337,0.2,0.4691312549691298,0.30000000000000004,1.0,1.0,0.4906364605690895,0.0,0.0,0.0,0.0,1.0
0.6,0.15000000000000002,0.04764551810760769,0.30000000000000004,1.0,1.0,0.48785145911946415,0.0,0.0,1.0,0.0,0.0
0.9600000000000001,0.4,0.04764551810760769,0.30000000000000004,0.0,0.0,0.398681391152143,0.0,0.0,1.0,0.0,0.0
0.9066666666666667,0.15000000000000002,0.22095852014545417,0.4,0.0,1.0,0.7619019344945409,0.0,0.0,0.0,0.0,1.0
0.7866666666666667,0.35000000000000003,0.04764551810760769,0.4,1.0,1.0,0.9015992999379933,0.0,0.0,1.0,0.0,0.0
0.7866666666666667,0.2,0.43621801693350304,0.1,0.0,0.0,0.6918764755115356,0.0,0.0,1.0,0.0,0.0
0.38666666666666666,0.25,0.04764551810760769,0.2,0.0,1.0,0.4371610412732052,0.0,0.0,0.0,0.0,1.0
0.8,0.25,0.7732756574807538,0.4,0.0,0.0,0.4900926259588386,0.0,0.0,1.0,0.0,0.0
0.9600000000000001,0.25,0.04764551810760769,0.1,1.0,1.0,0.5916707967817316,0.0,0.0,0.0,0.0,1.0
0.44,0.25,0.04764551810760769,0.1,1.0,1.0,0.44772479847806346,0.0,0.0,0.0,0.0,1.0
0.5333333333333333,0.4,0.04764551810760769,0.4,0.0,1.0,0.6053170337683677,0.0,0.0,1.0,0.0,0.0
0.9466666666666667,0.45,0.14926273563507877,0.1,0.0,0.0,0.8761522220686004,0.0,0.0,0.0,0.0,1.0
0.7333333333333334,0.5,0.9344880319937747,0.4,1.0,0.0,0.0,0.0,0.0,0.0,0.0,1.0
0.4,0.30000000000000004,0.04764551810760769,0.1,1.0,0.0,0.6872616846907755,0.0,0.0,0.0,0.0,1.0
0.72,0.05,0.4726975696450023,0.1,1.0,0.0,0.8353950894415851,0.0,0.0,1.0,0.0,0.0
0.9733333333333334,0.4,0.04764551810760769,0.1,1.0,0.0,0.6021966876510527,0.0,0.0,1.0,0.0,0.0
0.7733333333333333,0.2,0.04764551810760769,0.30000000000000004,1.0,0.0,0.46337094822706515,0.0,0.0,0.0,0.0,1.0
0.6933333333333334,0.30000000000000004,0.7771468081814787,0.2,1.0,0.0,0.4035857068739454,0.0,0.0,1.0,0.0,0.0
0.7066666666666667,0.4,0.04764551810760769,0.1,1.0,0.0,0.4839054568140696,0.0,0.0,0.0,0.0,1.0
0.3466666666666667,0.45,0.6629252070662305,0.30000000000000004,1.0,0.0,0.9799404463085376,0.0,0.0,1.0,0.0,0.0
0.45333333333333337,0.4,0.04764551810760769,0.1,1.0,0.0,0.6887964467871439,0.0,0.0,1.0,0.0,0.0
0.7466666666666667,0.5,0.3731369709066461,0.2,0.0,0.0,0.5921640095537215,0.0,0.0,1.0,0.0,0.0
0.6266666666666667,0.1,0.9465834661571264,0.4,0.0,1.0,0.4785622517554073,0.0,0.0,0.0,0.0,1.0
0.5733333333333334,0.15000000000000002,0.6890472435328713,0.30000000000000004,0.0,0.0,0.5182041032501421,0.0,0.0,0.0,0.0,1.0
0.5733333333333334,0.25,0.9800733578984095,0.4,1.0,0.0,0.46758821755705415,0.0,0.0,1.0,0.0,0.0
0.5866666666666667,0.30000000000000004,0.9860205667596373,0.4,0.0,0.0,0.4573269408422793,0.0,0.0,1.0,0.0,0.0
0.49333333333333335,0.2,0.04764551810760769,0.30000000000000004,0.0,0.0,0.8968438484362153,0.0,0.0,0.0,0.0,1.0
0.8666666666666667,0.25,0.6121457573595769,0.30000000000000004,0.0,1.0,0.7175738613637923,0.0,0.0,0.0,0.0,1.0
0.8133333333333334,0.45,0.04764551810760769,0.4,1.0,1.0,0.35621922297279046,0.0,0.0,1.0,0.0,0.0
0.36,0.15000000000000002,0.9927905184275473,0.30000000000000004,1.0,1.0,0.8704216498997668,0.0,0.0,0.0,0.0,1.0
0.4266666666666667,0.25,0.04764551810760769,0.30000000000000004,0.0,1.0,0.5812507015526498,0.0,0.0,0.0,0.0,0.0
0.9866666666666667,0.2,0.057368491342309084,0.2,1.0,1.0,0.8350872066209363,0.0,0.0,0.0,0.0,1.0
0.7466666666666667,0.25,0.04764551810760769,0.4,0.0,0.0,0.5488795366321031,0.0,0.0,1.0,0.0,0.0
0.7866666666666667,0.5,0.04764551810760769,0.4,1.0,1.0,0.9264269105692197,0.0,0.0,1.0,0.0,0.0
0.7866666666666667,0.30000000000000004,0.44363575706560404,0.30000000000000004,0.0,1.0,0.753057919186337,0.0,0.0,0.0,0.0,1.0
0.8933333333333334,1.0,0.04764551810760769,0.4,0.0,1.0,0.8205670926437665,0.0,0.0,0.0,0.0,1.0
0.9866666666666667,0.2,0.10247593270032451,0.2,1.0,1.0,0.7417146256895224,0.0,0.0,0.0,0.0,1.0
0.5466666666666667,0.05,0.04764551810760769,0.2,1.0,0.0,0.8352117103318372,0.0,0.0,0.0,0.0,1.0
1.0,0.2,0.5428565479688168,0.1,1.0,1.0,0.5635684234178624,0.0,0.0,0.0,0.0,1.0
0.5333333333333333,0.2,0.1117092052999159,0.30000000000000004,0.0,0.0,0.8272071571676021,0.0,0.0,1.0,0.0,0.0
0.7333333333333334,0.05,0.6569035282602006,0.4,0.0,0.0,0.7961858245647172,0.0,0.0,0.0,0.0,1.0
0.44,0.35000000000000003,0.5946283585266157,0.1,0.0,1.0,0.5857057234490959,0.0,0.0,1.0,0.0,0.0
0.4666666666666667,0.05,0.6078435100110142,0.1,1.0,0.0,0.9546628415498447,0.0,0.0,0.0,0.0,1.0
0.5466666666666667,0.5,0.8609205885955783,0.30000000000000004,0.0,0.0,0.6504069355519971,0.0,0.0,0.0,0.0,1.0
0.5733333333333334,0.5,0.9411576898460683,0.2,1.0,1.0,0.382562337392351,0.0,0.0,1.0,0.0,0.0
0.76,0.05,0.7921658189814312,0.2,0.0,1.0,0.49660963739757336,0.0,0.0,1.0,0.0,0.0
0.7066666666666667,0.2,0.6752993675105116,0.1,1.0,1.0,0.3872526107762889,0.0,0.0,0.0,0.0,1.0
0.6666666666666667,0.35000000000000003,0.2865819786640511,0.2,1.0,1.0,0.5269946454900645,0.0,0.0,1.0,0.0,0.0
0.8533333333333334,0.45,0.7888449263693309,0.1,0.0,1.0,0.37200933482704435,0.0,0.0,0.0,0.0,1.0
0.8666666666666667,0.45,0.3803930974413261,0.1,0.0,0.0,0.40635129995079877,0.0,0.0,0.0,0.0,1.0
0.72,0.0,0.5722979523909784,0.30000000000000004,1.0,0.0,0.6060025294912226,0.0,0.0,0.0,0.0,1.0
0.48000000000000004,0.45,0.04764551810760769,0.2,0.0,0.0,0.8217056838320052,0.0,0.0,1.0,0.0,0.0
0.9466666666666667,0.15000000000000002,0.04764551810760769,0.4,1.0,0.0,0.4691624466794975,0.0,0.0,1.0,0.0,0.0
1.0,0.2,0.04764551810760769,0.30000000000000004,1.0,0.0,0.7046225741785006,0.0,0.0,0.0,0.0,1.0
0.7466666666666667,0.5,0.04764551810760769,0.2,0.0,0.0,0.7487080926711784,0.0,0.0,0.0,0.0,1.0
0.7466666666666667,0.05,0.04764551810760769,0.2,1.0,1.0,0.4906704752430199,0.0,0.0,0.0,0.0,1.0
0.5066666666666667,0.15000000000000002,0.6696278356170544,0.4,1.0,0.0,0.6834215280471996,0.0,0.0,0.0,0.0,1.0
0.4266666666666667,0.15000000000000002,0.04764551810760769,0.1,1.0,1.0,0.518327156335243,0.0,0.0,1.0,0.0,0.0
0.3466666666666667,0.2,0.5448636154190997,0.4,0.0,0.0,0.9221260051586255,0.0,0.0,0.0,0.0,1.0
0.6533333333333333,0.45,0.5835445340037249,0.2,0.0,0.0,0.7094399023738841,0.0,0.0,0.0,0.0,1.0
0.3333333333333333,0.4,0.320195748752414,0.4,0.0,1.0,0.5920116438231453,0.0,0.0,1.0,0.0,0.0
0.9600000000000001,0.15000000000000002,0.04764551810760769,0.4,1.0,1.0,0.4113008852018761,0.0,0.0,1.0,0.0,0.0
0.8400000000000001,0.2,0.31451711767675883,0.30000000000000004,0.0,0.0,0.47750254459773944,0.0,0.0,0.0,0.0,1.0
0.5333333333333333,0.5,0.47680294571274434,0.4,1.0,0.0,0.7490807034154534,0.0,0.0,0.0,0.0,0.0
0.6533333333333333,0.1,0.2125084922180337,0.1,1.0,0.0,0.3718597703049095,0.0,0.0,0.0,0.0,1.0
0.72,0.25,0.46990087302312195,0.2,1.0,0.0,0.9239692503345944,0.0,0.0,0.0,0.0,1.0
0.9066666666666667,0.35000000000000003,0.04764551810760769,0.1,0.0,0.0,0.7844864274447997,0.0,0.0,1.0,0.0,0.0
0.3466666666666667,0.30000000000000004,0.04764551810760769,0.30000000000000004,1.0,0.0,0.79680339098287,0.0,0.0,0.0,0.0,1.0
0.3466666666666667,0.45,0.83269466898586,0.2,1.0,0.0,0.9831714401592847,0.0,0.0,1.0,0.0,0.0
0.41333333333333333,0.2,0.9230051286112146,0.30000000000000004,1.0,1.0,0.9926708381995992,0.0,0.0,0.0,0.0,1.0
0.88,0.45,0.3916549732653852,0.2,0.0,1.0,0.5681303414292926,0.0,0.0,0.0,0.0,1.0
0.5733333333333334,0.4,0.04764551810760769,0.1,0.0,1.0,0.9388889366872869,0.0,0.0,1.0,0.0,0.0
0.5333333333333333,0.5,0.04764551810760769,0.4,1.0,1.0,0.8301030564585562,0.0,0.0,1.0,0.0,0.0
0.6933333333333334,0.15000000000000002,0.04764551810760769,0.4,1.0,1.0,0.554937149886461,0.0,0.0,1.0,0.0,0.0
0.92,0.35000000000000003,0.21087558502144976,0.4,0.0,1.0,0.3974074915918727,0.0,0.0,0.0,0.0,1.0
0.3333333333333333,0.2,0.04764551810760769,0.2,0.0,0.0,0.39469877305069406,0.0,0.0,0.0,0.0,1.0
1.0,0.2,0.9420598577314359,0.1,0.0,0.0,0.8628629890934949,0.0,0.0,0.0,0.0,1.0
0.5333333333333333,0.15000000000000002,0.04764551810760769,0.30000000000000004,0.0,0.0,0.422325341152173,0.0,0.0,0.0,0.0,1.0
0.8,0.2,0.41423385077795366,0.30000000000000004,0.0,1.0,0.8719064404384052,0.0,0.0,1.0,0.0,0.0
0.9466666666666667,0.45,0.45200045187009374,0.2,1.0,0.0,0.43303185994438,0.0,0.0,1.0,0.0,0.0
0.9066666666666667,0.15000000000000002,0.04764551810760769,0.1,1.0,1.0,0.9885956301548487,0.0,0.0,1.0,0.0,0.0
0.41333333333333333,0.35000000000000003,0.04764551810760769,0.30000000000000004,1.0,1.0,0.4922003852461952,0.0,0.0,0.0,0.0,1.0
0.7733333333333333,0.4,0.04764551810760769,0.4,0.0,1.0,0.5347191778533259,0.0,0.0,1.0,0.0,0.0
1.0,0.15000000000000002,0.267024303454686,0.2,0.0,1.0,0.3920884969775961,0.0,0.0,1.0,0.0,0.0
0.32,0.45,0.3656850212925438,0.1,1.0,0.0,0.7573412170010142,0.0,0.0,1.0,0.0,0.0
0.9466666666666667,0.15000000000000002,0.30630141040739156,0.2,0.0,0.0,0.7785721760367422,0.0,0.0,1.0,0.0,0.0
0.7866666666666667,0.15000000000000002,0.04764551810760769,0.1,0.0,0.0,0.3713799132945953,0.0,0.0,0.0,0.0,1.0
0.7466666666666667,0.4,0.9586710388099903,0.1,0.0,0.0,0.40360871680042765,0.0,0.0,0.0,1.0,0.0
0.9066666666666667,0.45,0.3755530274843648,0.1,1.0,1.0,0.9666874289568519,0.0,0.0,1.0,0.0,0.0
0.68,0.15000000000000002,0.04764551810760769,0.4,1.0,1.0,0.600191272514963,0.0,0.0,0.0,0.0,1.0
0.5866666666666667,0.1,0.04764551810760769,0.30000000000000004,0.0,0.0,0.5250498064865183,0.0,0.0,1.0,0.0,0.0
0.5866666666666667,0.45,0.04764551810760769,0.4,1.0,1.0,0.9402027034462668,0.0,0.0,0.0,0.0,1.0
0.8533333333333334,0.05,0.04764551810760769,0.1,0.0,1.0,0.6556162828644277,0.0,0.0,0.0,0.0,1.0
0.56,0.4,0.04764551810760769,0.2,0.0,1.0,0.38233789056599016,0.0,0.0,1.0,0.0,0.0
0.56,0.05,0.04764551810760769,0.1,0.0,1.0,0.6835288743563974,0.0,0.0,1.0,0.0,0.0
0.8400000000000001,0.45,0.04764551810760769,0.1,0.0,1.0,0.6958398353049505,0.0,0.0,1.0,0.0,0.0
0.8400000000000001,0.35000000000000003,0.04764551810760769,0.2,0.0,0.0,0.435655891951788,0.0,0.0,1.0,0.0,0.0
0.3066666666666667,0.4,0.4523647018560264,0.4,1.0,0.0,0.8144725634638783,0.0,0.0,0.0,0.0,1.0
0.9333333333333333,0.05,0.04764551810760769,0.4,1.0,0.0,0.35116879421782554,0.0,0.0,1.0,0.0,0.0
0.6,0.35000000000000003,0.09086567284786268,0.2,1.0,1.0,0.7827775402308556,0.0,0.0,0.0,0.0,1.0
0.7733333333333333,0.1,0.04764551810760769,0.4,1.0,1.0,0.9356124231993682,0.0,0.0,1.0,0.0,0.0
0.9733333333333334,0.45,0.04764551810760769,0.1,0.0,1.0,0.5855005849523485,0.0,0.0,0.0,0.0,1.0
0.4266666666666667,0.1,0.04764551810760769,0.1,0.0,1.0,0.46190076398958513,0.0,0.0,1.0,0.0,0.0
1.0,0.1,0.04764551810760769,0.4,1.0,1.0,0.8833892941414927,0.0,0.0,0.0,0.0,1.0
0.45333333333333337,0.15000000000000002,0.04764551810760769,0.1,0.0,1.0,0.9419938761581746,0.0,0.0,0.0,0.0,1.0
0.7066666666666667,0.45,0.04764551810760769,0.2,1.0,0.0,0.8004656708904222,0.0,0.0,1.0,0.0,0.0
0.76,0.35000000000000003,0.5668117615629598,0.2,1.0,1.0,0.4972959334656971,0.0,0.0,1.0,0.0,0.0
0.3333333333333333,0.45,0.46104690639318524,0.30000000000000004,1.0,1.0,0.5915172805548313,0.0,0.0,0.0,0.0,1.0
0.7733333333333333,0.05,0.5509570960209179,0.4,1.0,0.0,0.7700635554178072,0.0,0.0,1.0,0.0,0.0
0.3066666666666667,0.05,0.04764551810760769,0.1,1.0,1.0,0.5965490512607139,0.0,0.0,1.0,0.0,0.0
0.92,0.05,0.14841921938250172,0.1,1.0,1.0,0.8975073846857534,0.0,0.0,1.0,0.0,0.0
0.8,0.05,0.04764551810760769,0.1,1.0,0.0,0.4987315527918744,0.0,0.0,1.0,0.0,0.0
0.3333333333333333,0.2,0.14656304528806552,0.2,0.0,1.0,0.6194648871523175,0.0,0.0,1.0,0.0,0.0
0.37333333333333335,0.25,0.04764551810760769,0.2,0.0,0.0,0.9717664700551819,0.0,0.0,1.0,0.0,0.0
0.6,0.30000000000000004,0.6240878206001401,0.1,0.0,0.0,0.5376955118438094,0.0,0.0,1.0,0.0,0.0
0.9866666666666667,0.05,0.41793157179276696,0.2,1.0,0.0,0.45038859764102235,0.0,0.0,1.0,0.0,0.0
0.7466666666666667,0.30000000000000004,0.04764551810760769,0.30000000000000004,0.0,1.0,0.8878127524213946,0.0,0.0,1.0,0.0,0.0
0.9466666666666667,0.25,0.3771006968490542,0.1,1.0,0.0,0.7128182597972765,0.0,0.0,0.0,0.0,1.0
0.6666666666666667,0.4,0.04764551810760769,0.30000000000000004,1.0,0.0,0.4849600617706479,0.0,0.0,0.0,0.0,1.0
0.76,0.1,0.04764551810760769,0.4,1.0,0.0,0.48106037944769375,0.0,0.0,1.0,0.0,0.0
0.6666666666666667,0.0,0.5032970460302874,0.2,0.0,0.0,0.9770402451617628,0.0,0.0,1.0,0.0,0.0
0.44,0.30000000000000004,0.5581383714466508,0.2,0.0,1.0,0.8642041676779363,0.0,0.0,0.0,0.0,1.0
0.52,0.4,0.31387795305134525,0.2,1.0,1.0,0.44691019705901125,0.0,0.0,1.0,0.0,0.0
0.9333333333333333,0.2,0.04764551810760769,0.30000000000000004,1.0,1.0,0.5359905263130514,0.0,0.0,1.0,0.0,0.0
0.6133333333333334,0.35000000000000003,0.04764551810760769,0.4,0.0,0.0,0.7255443498325178,0.0,0.0,0.0,0.0,1.0
0.48000000000000004,0.1,0.04764551810760769,0.30000000000000004,0.0,1.0,0.8746603784872794,0.0,0.0,1.0,0.0,0.0
0.41333333333333333,0.4,0.04764551810760769,0.1,0.0,0.0,0.9309102446795549,0.0,0.0,1.0,0.0,0.0
0.8,0.15000000000000002,0.04764551810760769,0.30000000000000004,1.0,0.0,0.9525596342262052,0.0,0.0,0.0,0.0,1.0
0.72,0.30000000000000004,0.04764551810760769,0.30000000000000004,1.0,1.0,0.4375716183961761,0.0,0.0,1.0,0.0,0.0
0.5066666666666667,0.1,0.04764551810760769,0.4,1.0,0.0,0.866079726794139,0.0,0.0,1.0,0.0,0.0
0.9600000000000001,0.4,0.995482013745446,0.30000000000000004,1.0,0.0,0.378868693954572,0.0,0.0,1.0,0.0,0.0
0.7866666666666667,0.05,0.04764551810760769,0.4,1.0,0.0,0.884633931077867,0.0,0.0,1.0,0.0,0.0
0.3066666666666667,0.2,0.04764551810760769,0.4,0.0,0.0,0.8204010710220389,0.0,0.0,1.0,0.0,0.0
0.3466666666666667,0.30000000000000004,0.3426729030838228,0.30000000000000004,1.0,1.0,0.7253893829798175,0.0,0.0,0.0,0.0,1.0
0.8933333333333334,0.15000000000000002,0.5478888675913423,0.2,1.0,0.0,0.6756972457918345,0.0,0.0,1.0,0.0,0.0
0.5066666666666667,0.30000000000000004,0.10003166997588613,0.2,0.0,1.0,0.5421726932998896,0.0,0.0,0.0,0.0,1.0
0.8133333333333334,0.15000000000000002,0.8142288861149668,0.4,1.0,0.0,0.9393773974092423,0.0,0.0,0.0,0.0,1.0
1.0,0.35000000000000003,0.04764551810760769,0.2,0.0,0.0,0.7425908536942838,0.0,0.0,1.0,0.0,0.0
0.6266666666666667,0.30000000000000004,0.04764551810760769,0.30000000000000004,1.0,1.0,0.645343851337467,0.0,0.0,1.0,0.0,0.0
0.9866666666666667,0.2,0.6996307424701141,0.2,1.0,1.0,0.8850294016838864,0.0,0.0,0.0,0.0,1.0
0.5866666666666667,0.2,0.04764551810760769,0.4,1.0,1.0,0.6731423936286114,0.0,0.0,0.0,0.0,1.0
0.5333333333333333,0.4,0.04764551810760769,0.1,1.0,0.0,0.5566715481058528,0.0,0.0,1.0,0.0,0.0
0.68,0.5,0.7303710590069253,0.2,0.0,0.0,0.7294379295227962,0.0,0.0,0.0,0.0,1.0
0.37333333333333335,0.25,0.9440923678883882,0.1,1.0,0.0,0.8877475242819752,0.0,0.0,0.0,0.0,1.0
0.41333333333333333,0.1,0.34950960612260157,0.2,0.0,0.0,0.6322540543990678,0.0,0.0,0.0,0.0,1.0
0.9333333333333333,0.4,0.04764551810760769,0.1,1.0,0.0,0.6712687353324225,0.0,0.0,0.0,0.0,1.0
0.6533333333333333,0.45,0.7197692165452111,0.30000000000000004,0.0,0.0,0.8138310367092364,0.0,0.0,0.0,0.0,1.0
0.7333333333333334,0.4,0.04764551810760769,0.4,0.0,0.0,0.5439686180618319,0.0,0.0,0.0,0.0,1.0
0.5466666666666667,0.15000000000000002,0.663157478967005,0.1,0.0,1.0,0.9723393672030114,0.0,0.0,1.0,0.0,0.0
0.8400000000000001,0.15000000000000002,0.4863760261474792,0.4,1.0,0.0,0.5906333992484358,0.0,0.0,0.0,0.0,1.0
0.8400000000000001,0.1,0.5758523080418059,0.30000000000000004,1.0,1.0,0.5915102275121487,0.0,0.0,1.0,0.0,0.0
0.5866666666666667,0.05,0.04764551810760769,0.1,0.0,1.0,0.6068391404051707,0.0,0.0,1.0,0.0,0.0
0.7733333333333333,0.1,0.7512850591802598,0.4,1.0,0.0,0.793768431701436,0.0,0.0,0.0,0.0,1.0
0.3066666666666667,0.2,0.04764551810760769,0.2,0.0,0.0,0.8855331690091105,0.0,0.0,1.0,0.0,0.0
1.0,0.25,0.04764551810760769,0.1,1.0,1.0,0.8952587146094826,0.0,0.0,1.0,0.0,0.0
0.48000000000000004,0.5,0.04764551810760769,0.30000000000000004,1.0,0.0,0.9393480847637672,0.0,0.0,1.0,0.0,0.0
0.68,0.45,0.965947843499529,0.2,1.0,0.0,0.5529500426483985,0.0,0.0,0.0,0.0,1.0
0.92,0.05,0.5466747168534062,0.4,0.0,1.0,0.3611718095186263,0.0,0.0,0.0,0.0,1.0
0.6933333333333334,0.45,0.1663840572760114,0.30000000000000004,1.0,1.0,0.5408839373305644,0.0,0.0,0.0,0.0,1.0
0.38666666666666666,0.2,0.0,0.4,1.0,0.0,0.7812917992822104,0.0,0.0,0.0,0.0,1.0
0.7733333333333333,0.15000000000000002,0.04764551810760769,0.4,0.0,0.0,0.8576144748844652,0.0,0.0,1.0,0.0,0.0
0.5866666666666667,0.2,0.04764551810760769,0.1,0.0,1.0,0.7424599472212312,0.0,0.0,0.0,0.0,1.0
0.6,0.5,0.6044288510192781,0.1,0.0,0.0,0.6952792434656311,0.0,0.0,0.0,0.0,1.0
0.44,0.30000000000000004,0.04764551810760769,0.2,1.0,0.0,0.4417124547529804,0.0,0.0,1.0,0.0,0.0
0.4266666666666667,0.15000000000000002,0.04764551810760769,0.4,1.0,1.0,0.6025676476832105,0.0,0.0,0.0,0.0,1.0
0.8666666666666667,0.05,0.37970261859291066,0.2,1.0,1.0,0.6557752514434727,0.0,0.0,0.0,0.0,1.0
0.8400000000000001,0.1,0.7067222537397324,0.1,1.0,1.0,0.4998787476917542,0.0,0.0,0.0,0.0,1.0
0.7333333333333334,0.1,0.33867110837244674,0.30000000000000004,1.0,0.0,0.967313599086646,0.0,0.0,1.0,0.0,0.0
0.37333333333333335,0.30000000000000004,0.9329154440231151,0.2,1.0,1.0,0.46740178713096825,0.0,0.0,0.0,0.0,1.0
0.3333333333333333,0.30000000000000004,0.47484852655997023,0.1,0.0,1.0,0.8987600250748173,0.0,0.0,1.0,0.0,0.0
0.4666666666666667,0.1,0.8619226691324176,0.4,1.0,0.0,0.47820799893073873,0.0,0.0,1.0,0.0,0.0
0.9333333333333333,0.4,0.7272270742035587,0.2,0.0,1.0,0.5189260146827341,0.0,0.0,1.0,0.0,0.0
0.5466666666666667,0.30000000000000004,0.12170204274917878,0.2,1.0,1.0,0.4737743362486576,0.0,0.0,1.0,0.0,0.0
0.7466666666666667,0.05,0.04764551810760769,0.4,1.0,1.0,0.8426151541775122,0.0,0.0,1.0,0.0,0.0
0.4,0.2,0.04764551810760769,0.30000000000000004,0.0,0.0,0.4559515474975905,0.0,0.0,0.0,0.0,1.0
0.5866666666666667,0.30000000000000004,0.04764551810760769,0.2,1.0,0.0,0.5952974113032362,0.0,0.0,1.0,0.0,0.0
0.8666666666666667,0.25,0.2629703845465002,0.4,1.0,0.0,0.8241154734152314,0.0,0.0,1.0,0.0,0.0
0.7866666666666667,0.45,0.43428946929706136,0.1,0.0,1.0,0.9363029210801539,0.0,0.0,1.0,0.0,0.0
0.6533333333333333,0.1,0.9941606605917678,0.1,0.0,0.0,0.5918759853000585,0.0,0.0,0.0,0.0,1.0
1.0,0.15000000000000002,0.04764551810760769,0.30000000000000004,1.0,1.0,0.7546512565520765,0.0,0.0,1.0,0.0,0.0
0.68,0.2,0.5964952528626261,0.4,0.0,1.0,0.9368578104594323,0.0,0.0,1.0,0.0,0.0
0.56,0.2,0.04764551810760769,0.30000000000000004,0.0,0.0,0.4988665610344302,0.0,0.0,0.0,0.0,1.0
0.5866666666666667,0.1,0.04764551810760769,0.1,1.0,0.0,0.8178067518327407,0.0,0.0,1.0,0.0,0.0
0.5733333333333334,0.15000000000000002,0.04764551810760769,0.30000000000000004,0.0,1.0,0.6298385623558003,0.0,0.0,1.0,0.0,0.0
0.64,0.4,0.4325613187097804,0.4,0.0,1.0,0.9281772656724111,0.0,0.0,0.0,0.0,1.0
0.8933333333333334,0.4,0.04764551810760769,0.4,0.0,1.0,0.4848084463637613,0.0,0.0,1.0,0.0,0.0
0.3466666666666667,0.5,0.04764551810760769,0.1,0.0,0.0,0.8774496317711461,0.0,0.0,0.0,1.0,0.0
0.7733333333333333,0.1,0.7861860205858178,0.2,1.0,0.0,0.6854743136188952,0.0,0.0,1.0,0.0,0.0
1.0,0.4,0.04764551810760769,0.1,0.0,1.0,0.7056597716254793,0.0,0.0,1.0,0.0,0.0
0.37333333333333335,0.25,0.7380411298029242,0.30000000000000004,0.0,1.0,0.35671278589583544,0.0,0.0,1.0,0.0,0.0
0.9733333333333334,0.30000000000000004,0.7439352615569802,0.4,1.0,0.0,0.7813177104602926,0.0,0.0,0.0,0.0,1.0
0.36,0.35000000000000003,0.630429153187154,0.2,0.0,0.0,0.5145508272268656,0.0,0.0,0.0,0.0,1.0
0.9333333333333333,0.30000000000000004,0.4371213283113051,0.4,1.0,0.0,0.7029093851087359,0.0,0.0,0.0,0.0,1.0
0.5066666666666667,0.35000000000000003,0.5686725572726523,0.4,0.0,1.0,0.8577806465709307,0.0,0.0,0.0,0.0,1.0
0.44,0.5,0.04764551810760769,0.4,1.0,1.0,0.7612320455044306,0.0,0.0,1.0,0.0,0.0
0.7866666666666667,0.30000000000000004,0.04764551810760769,0.1,0.0,1.0,0.9824968491407193,0.0,0.0,0.0,0.0,1.0
0.32,0.4,0.04764551810760769,0.30000000000000004,1.0,0.0,0.42950508849517677,0.0,0.0,0.0,0.0,1.0
0.52,0.1,0.04764551810760769,0.1,0.0,1.0,0.5683920043106596,0.0,0.0,0.0,0.0,1.0
0.3333333333333333,0.05,0.7172213248188886,0.4,0.0,0.0,0.9660256934841691,0.0,0.0,1.0,0.0,0.0
0.3333333333333333,0.5,0.20699133180324517,0.4,1.0,1.0,0.6000896786873857,0.0,0.0,1.0,0.0,0.0
0.9866666666666667,0.15000000000000002,0.06323598925174287,0.1,1.0,1.0,0.6347536827387334,0.0,0.0,1.0,0.0,0.0
0.68,0.15000000000000002,0.04764551810760769,0.1,1.0,0.0,0.6295089201481519,0.0,0.0,1.0,0.0,0.0
0.5066666666666667,0.30000000000000004,0.16475810632507118,0.4,1.0,0.0,0.9695219017484143,0.0,0.0,1.0,0.0,0.0
0.8666666666666667,0.5,0.04764551810760769,0.4,1.0,0.0,0.5559971571736047,0.0,0.0,0.0,0.0,1.0
0.7866666666666667,0.4,0.28989014992281664,0.30000000000000004,0.0,1.0,0.8917244399233829,0.0,0.0,0.0,0.0,1.0
0.5333333333333333,0.2,0.6914792137136379,0.1,0.0,1.0,0.5371929950580681,0.0,0.0,1.0,0.0,0.0
0.6533333333333333,0.05,0.04764551810760769,0.1,1.0,1.0,0.7438990180363809,0.0,0.0,1.0,0.0,0.0
0.7333333333333334,0.1,0.04764551810760769,0.2,0.0,0.0,0.38694762920724,0.0,0.0,0.0,0.0,1.0
0.3466666666666667,0.05,0.660867873594344,0.30000000000000004,0.0,0.0,0.47955177863730414,0.0,0.0,1.0,0.0,0.0
0.68,0.4,0.9914174222412041,0.2,0.0,1.0,0.9449828656082234,0.0,0.0,1.0,0.0,0.0
0.68,0.5,0.22247393349438474,0.2,0.0,1.0,0.6126049277658382,0.0,0.0,0.0,0.0,1.0
0.64,0.2,0.04764551810760769,0.1,1.0,0.0,0.5220047428460638,0.0,0.0,1.0,0.0,0.0
0.6266666666666667,0.15000000000000002,0.30701923778320084,0.4,1.0,1.0,0.9799720099250817,0.0,0.0,1.0,0.0,0.0
0.8133333333333334,0.30000000000000004,0.04764551810760769,0.2,1.0,1.0,0.6479939946092744,0.0,0.0,1.0,0.0,0.0
0.32,0.25,0.04764551810760769,0.2,0.0,0.0,0.7897578015155738,0.0,0.0,1.0,0.0,0.0
0.9333333333333333,0.30000000000000004,0.34909189786535216,0.30000000000000004,1.0,1.0,0.9133561718525371,0.0,0.0,0.0,0.0,1.0
0.64,0.45,0.04764551810760769,0.30000000000000004,1.0,0.0,0.9243447623304695,0.0,0.0,1.0,0.0,0.0
0.5866666666666667,0.2,0.04764551810760769,0.1,1.0,0.0,0.3601620739186885,0.0,0.0,0.0,0.0,1.0
0.9466666666666667,0.45,0.04764551810760769,0.2,1.0,0.0,0.8962576955698689,0.0,0.0,1.0,0.0,0.0
0.72,0.30000000000000004,0.04764551810760769,0.2,1.0,0.0,0.6321014885821743,0.0,0.0,1.0,0.0,0.0
0.5733333333333334,0.45,0.04764551810760769,0.4,0.0,0.0,0.8205951047281798,0.0,0.0,1.0,0.0,0.0
0.6666666666666667,0.05,0.04764551810760769,0.2,1.0,1.0,0.4828243404204574,0.0,0.0,0.0,0.0,1.0
1.0,0.35000000000000003,0.09983498927713794,0.30000000000000004,1.0,0.0,0.581632066073304,0.0,0.0,1.0,0.0,0.0
0.8666666666666667,0.1,0.04764551810760769,0.2,0.0,1.0,0.7446968622263644,0.0,0.0,1.0,0.0,0.0
0.5333333333333333,0.35000000000000003,0.8474225656701749,0.30000000000000004,0.0,1.0,0.9566745594049273,0.0,0.0,1.0,0.0,0.0
0.9066666666666667,0.15000000000000002,0.04764551810760769,0.30000000000000004,1.0,0.0,0.6892391877856107,0.0,0.0,0.0,0.0,1.0
0.8533333333333334,0.05,0.9254310954566997,0.30000000000000004,0.0,0.0,0.5249812769228646,0.0,0.0,1.0,0.0,0.0
0.7866666666666667,0.45,0.04764551810760769,0.1,1.0,0.0,0.9183160615489523,0.0,0.0,0.0,0.0,1.0
0.8,0.5,0.5259441995703041,0.4,0.0,0.0,0.8599627879467202,0.0,0.0,0.0,0.0,1.0
0.5866666666666667,0.5,0.07318708922714348,0.2,1.0,0.0,0.3866812642974179,0.0,0.0,1.0,0.0,0.0
0.3466666666666667,0.05,0.7772113202129964,0.2,1.0,0.0,0.5193778596086351,0.0,0.0,0.0,0.0,1.0
0.9333333333333333,0.25,0.7981479520074319,0.1,1.0,0.0,0.8187207961514598,0.0,0.0,0.0,0.0,1.0
0.5466666666666667,0.15000000000000002,0.04764551810760769,0.4,1.0,1.0,0.6384246664010855,0.0,0.0,1.0,0.0,0.0
0.6266666666666667,0.25,0.7564375884449709,0.4,1.0,0.0,0.8886593176296255,0.0,0.0,0.0,0.0,1.0
0.72,0.25,0.3622096619107387,0.1,1.0,1.0,0.9621436187571318,0.0,0.0,1.0,0.0,0.0
0.5733333333333334,0.45,0.04764551810760769,0.30000000000000004,0.0,1.0,0.6893369799731603,0.0,0.0,0.0,0.0,1.0
0.6,0.05,0.379313116482381,0.30000000000000004,1.0,0.0,0.3587679224817586,0.0,0.0,0.0,0.0,1.0
0.92,0.25,0.4421867615689155,0.2,1.0,0.0,0.6683830404436474,0.0,0.0,1.0,0.0,0.0
0.8266666666666667,0.25,0.7338800084789964,0.4,1.0,1.0,0.45508212242761525,0.0,0.0,1.0,0.0,0.0
0.52,0.5,0.8883546396943482,0.2,0.0,1.0,0.7287078145511974,0.0,0.0,1.0,0.0,0.0
0.8533333333333334,0.35000000000000003,0.10714857630665571,0.30000000000000004,0.0,1.0,0.4929226968514217,0.0,0.0,0.0,0.0,1.0
0.4,0.45,0.4466255133268564,0.1,0.0,0.0,0.8030257753194728,0.0,0.0,1.0,0.0,0.0
0.3066666666666667,0.1,0.04764551810760769,0.2,0.0,1.0,0.3645492165320119,0.0,0.0,1.0,0.0,0.0
0.9333333333333333,0.05,0.04764551810760769,0.1,0.0,1.0,0.9877091977479084,0.0,0.0,1.0,0.0,0.0
0.4666666666666667,0.25,0.04764551810760769,0.30000000000000004,1.0,0.0,0.968855264160959,0.0,0.0,1.0,0.0,0.0
0.52,0.45,0.04764551810760769,0.30000000000000004,0.0,0.0,0.4944486051282523,0.0,0.0,1.0,0.0,0.0
0.5066666666666667,0.45,0.04764551810760769,0.4,1.0,0.0,0.6525674175839457,0.0,0.0,1.0,0.0,0.0
0.8400000000000001,0.30000000000000004,0.1731909818659729,0.1,0.0,1.0,0.6821594335796463,0.0,0.0,1.0,0.0,0.0
0.8400000000000001,0.15000000000000002,0.06508458770879993,0.2,0.0,1.0,0.3602358057265904,0.0,0.0,0.0,0.0,1.0
0.32,0.4,0.8842662254310525,0.30000000000000004,0.0,1.0,0.9796654276654949,0.0,0.0,1.0,0.0,0.0
0.9466666666666667,0.1,0.04764551810760769,0.2,0.0,1.0,0.9985993457577599,0.0,0.0,0.0,0.0,1.0
0.68,0.15000000000000002,0.2611076830160833,0.2,1.0,1.0,0.39483423148746366,0.0,0.0,0.0,0.0,1.0
0.9866666666666667,0.5,0.3842088840500101,0.30000000000000004,1.0,0.0,0.8907732795928164,0.0,0.0,1.0,0.0,0.0
0.7866666666666667,0.35000000000000003,0.6947536519455833,0.1,0.0,0.0,0.4849166930613867,0.0,0.0,0.0,0.0,1.0
0.38666666666666666,0.45,0.38138126548687795,0.1,1.0,0.0,0.5180736469713034,0.0,0.0,0.0,0.0,1.0
0.5733333333333334,0.5,0.04764551810760769,0.1,1.0,1.0,0.45190480173146697,0.0,0.0,0.0,0.0,1.0
0.4666666666666667,0.30000000000000004,0.4185953691510422,0.30000000000000004,0.0,1.0,0.7401706596225612,0.0,0.0,0.0,0.0,1.0
0.6933333333333334,0.5,0.04764551810760769,0.4,0.0,1.0,0.8028478485618696,0.0,0.0,0.0,0.0,1.0
0.64,0.35000000000000003,0.6777224279793922,0.1,1.0,1.0,0.8003785833208447,0.0,0.0,0.0,0.0,1.0
0.8,0.15000000000000002,0.04764551810760769,0.2,0.0,1.0,0.4743069160035639,0.0,0.0,0.0,0.0,1.0
0.4666666666666667,0.2,0.8334616665363561,0.30000000000000004,0.0,0.0,0.8844527028960293,0.0,0.0,0.0,0.0,1.0
0.37333333333333335,0.4,0.04764551810760769,0.4,1.0,0.0,0.631297391694777,0.0,0.0,0.0,0.0,1.0
0.5866666666666667,0.30000000000000004,0.44611904146937253,0.30000000000000004,0.0,0.0,0.7598537008865625,0.0,0.0,1.0,0.0,0.0
0.9333333333333333,0.30000000000000004,0.4591503288993938,0.30000000000000004,1.0,1.0,0.8289063401951602,0.0,0.0,0.0,0.0,1.0
0.4666666666666667,0.30000000000000004,0.14184623428644857,0.30000000000000004,0.0,1.0,0.8097939451079196,0.0,0.0,0.0,0.0,1.0
0.6533333333333333,0.2,0.04764551810760769,0.30000000000000004,0.0,1.0,0.7886084556877837,0.0,0.0,1.0,0.0,0.0
0.6533333333333333,0.15000000000000002,0.5939552226467915,0.1,0.0,0.0,0.9751742901887874,0.0,0.0,1.0,0.0,0.0
0.5733333333333334,0.15000000000000002,0.43736846561372933,0.30000000000000004,1.0,1.0,0.5531662859357527,0.0,0.0,1.0,0.0,0.0
0.7066666666666667,0.4,0.6438094440373134,0.4,1.0,0.0,0.8945136431856703,0.0,0.0,1.0,0.0,0.0
0.76,0.15000000000000002,0.04764551810760769,0.1,1.0,0.0,0.7279317797697927,0.0,0.0,0.0,0.0,1.0
0.5466666666666667,0.1,0.04764551810760769,0.1,1.0,1.0,0.7382721906230347,0.0,0.0,0.0,0.0,1.0
0.9066666666666667,0.1,0.04764551810760769,0.30000000000000004,0.0,0.0,0.997590560567829,0.0,0.0,1.0,0.0,0.0
0.3466666666666667,0.30000000000000004,0.8151119005020551,0.2,0.0,1.0,0.38484222093411097,0.0,0.0,0.0,0.0,1.0
0.5333333333333333,0.35000000000000003,0.8712680516361162,0.30000000000000004,0.0,0.0,0.760896550772003,0.0,0.0,0.0,0.0,1.0
0.6266666666666667,0.45,0.11859126687193308,0.30000000000000004,0.0,1.0,0.877046457841913,0.0,0.0,1.0,0.0,0.0
0.8266666666666667,0.30000000000000004,0.04764551810760769,0.1,0.0,1.0,0.4605221692638204,0.0,0.0,1.0,0.0,0.0
0.9333333333333333,0.05,0.04764551810760769,0.2,1.0,1.0,0.8722033685331853,0.0,0.0,1.0,0.0,0.0
0.3333333333333333,0.4,0.04764551810760769,0.1,1.0,0.0,0.8923497096647494,0.0,0.0,0.0,0.0,1.0
0.64,0.4,0.04764551810760769,0.2,1.0,1.0,0.39341266822507226,0.0,0.0,0.0,0.0,1.0
0.52,0.2,0.8877009431859119,0.2,1.0,0.0,0.48751101225068494,0.0,0.0,0.0,0.0,1.0
0.92,0.4,0.04764551810760769,0.30000000000000004,1.0,1.0,0.8720924206702771,0.0,0.0,0.0,0.0,1.0
0.56,0.25,0.04764551810760769,0.30000000000000004,0.0,0.0,0.6525377047658361,0.0,0.0,1.0,0.0,0.0
0.6933333333333334,0.2,0.04764551810760769,0.30000000000000004,1.0,0.0,0.7853894169944914,0.0,0.0,0.0,0.0,1.0
0.68,0.15000000000000002,0.5756700639350443,0.2,0.0,1.0,0.45947501752255926,0.0,0.0,0.0,0.0,1.0
0.9600000000000001,0.30000000000000004,0.9459270062086398,0.4,0.0,0.0,0.6947225032879184,0.0,0.0,1.0,0.0,0.0
0.8266666666666667,0.4,0.46934818501307374,0.30000000000000004,1.0,0.0,0.5623076295113711,0.0,0.0,1.0,0.0,0.0
0.6933333333333334,0.4,0.04764551810760769,0.4,0.0,1.0,0.7884363814549596,0.0,0.0,1.0,0.0,0.0
0.7866666666666667,0.5,0.04764551810760769,0.2,1.0,1.0,0.9124219188157772,0.0,0.0,0.0,0.0,1.0
0.6,0.30000000000000004,0.04764551810760769,0.30000000000000004,1.0,1.0,0.0,0.0,0.0,1.0,0.0,0.0
0.8,0.5,0.5317060673660934,0.4,0.0,1.0,0.5280940697817038,0.0,0.0,0.0,0.0,1.0
0.52,0.05,0.04764551810760769,0.2,0.0,0.0,0.38720318945593124,0.0,0.0,1.0,0.0,0.0
0.41333333333333333,0.30000000000000004,0.7398215475235693,0.2,0.0,1.0,0.8554510916009167,0.0,0.0,1.0,0.0,0.0
0.49333333333333335,0.35000000000000003,0.04764551810760769,0.4,0.0,1.0,0.5917089632467447,0.0,0.0,0.0,0.0,1.0
0.5333333333333333,0.45,0.5194373940989024,0.2,0.0,1.0,0.5851648901336037,0.0,0.0,1.0,0.0,0.0
0.5333333333333333,0.35000000000000003,0.04764551810760769,0.1,1.0,1.0,0.93754815827548,0.0,0.0,1.0,0.0,0.0
0.9466666666666667,0.25,0.04764551810760769,0.1,1.0,1.0,0.9156389566458971,0.0,0.0,1.0,0.0,0.0
0.8133333333333334,0.30000000000000004,0.4052845931118017,0.30000000000000004,1.0,0.0,0.7213815039808174,0.0,0.0,0.0,0.0,1.0
0.6933333333333334,0.15000000000000002,0.04764551810760769,0.2,1.0,1.0,0.5359411049926939,0.0,0.0,1.0,0.0,0.0
0.4,0.35000000000000003,0.04764551810760769,0.2,1.0,1.0,0.8689007938024464,0.0,0.0,0.0,0.0,1.0
0.45333333333333337,0.05,0.04764551810760769,0.30000000000000004,0.0,1.0,0.9929674161433242,0.0,0.0,1.0,0.0,0.0
0.7066666666666667,0.25,0.04764551810760769,0.30000000000000004,1.0,1.0,0.3505759384598516,0.0,0.0,1.0,0.0,0.0
0.9600000000000001,0.05,0.04764551810760769,0.1,1.0,1.0,0.6481899791570084,0.0,0.0,1.0,0.0,0.0
0.52,0.4,0.5133326691548109,0.30000000000000004,0.0,0.0,0.5396824189955547,0.0,0.0,1.0,0.0,0.0
0.64,0.35000000000000003,0.05851160261274681,0.1,0.0,1.0,0.7502385028901468,0.0,0.0,1.0,0.0,0.0
0.52,0.35000000000000003,0.9390895884870895,0.1,1.0,1.0,0.6594816003623963,0.0,0.0,1.0,0.0,0.0
0.6933333333333334,0.25,0.04764551810760769,0.4,0.0,1.0,0.7858601700773714,0.0,0.0,0.0,0.0,1.0
0.88,0.25,0.1000477741610065,1.0,0.0,0.0,0.6350900778595887,0.0,0.0,0.0,0.0,1.0
0.3066666666666667,0.15000000000000002,0.7670598708339532,0.1,1.0,0.0,0.6529753435632131,0.0,0.0,1.0,0.0,0.0
0.4,0.4,0.9269489387270538,0.1,0.0,1.0,0.48010396685129964,0.0,0.0,1.0,0.0,0.0
0.8133333333333334,0.05,0.07349580836172173,0.1,0.0,0.0,0.8931781670612703,0.0,0.0,0.0,0.0,1.0
0.5866666666666667,0.1,0.04764551810760769,0.4,0.0,1.0,0.4070822652892458,0.0,0.0,1.0,0.0,0.0
0.9733333333333334,0.4,0.04764551810760769,0.2,0.0,1.0,0.9569961481383069,0.0,0.0,1.0,0.0,0.0
0.52,0.30000000000000004,0.6957269545894854,0.4,1.0,1.0,0.9660717133371336,0.0,0.0,1.0,0.0,0.0
0.3466666666666667,0.30000000000000004,0.04764551810760769,0.4,1.0,0.0,0.3568388402756949,0.0,0.0,0.0,0.0,1.0
0.8400000000000001,0.2,0.6428105557501874,0.30000000000000004,1.0,1.0,0.5712281278143391,0.0,0.0,1.0,0.0,0.0
0.6666666666666667,0.05,0.1367852797075404,0.4,0.0,0.0,0.9905770849544494,0.0,0.0,1.0,0.0,0.0
0.9600000000000001,0.2,0.04764551810760769,0.1,0.0,1.0,0.8119364693928961,0.0,0.0,0.0,0.0,1.0
0.48000000000000004,0.45,0.04764551810760769,0.2,1.0,1.0,0.38923056406533774,0.0,0.0,1.0,0.0,0.0
0.56,0.4,0.04764551810760769,0.4,0.0,0.0,0.842444680635226,0.0,0.0,0.0,0.0,1.0
0.49333333333333335,0.15000000000000002,0.04764551810760769,0.4,1.0,0.0,0.0,0.0,0.0,1.0,0.0,0.0
0.56,0.35000000000000003,0.33218169351515436,0.30000000000000004,1.0,0.0,0.6363122551068532,0.0,0.0,1.0,0.0,0.0
0.3333333333333333,0.5,0.07349580836172173,0.1,1.0,1.0,0.4628726832755651,0.0,0.0,1.0,0.0,0.0
0.9866666666666667,0.30000000000000004,0.6991907361103905,0.2,1.0,1.0,0.827380982155702,0.0,0.0,1.0,0.0,0.0
0.6133333333333334,0.45,0.42230095167634324,0.1,0.0,1.0,0.49185283531315405,0.0,0.0,1.0,0.0,0.0
0.6533333333333333,0.1,0.04764551810760769,0.2,1.0,0.0,0.8051457898937602,0.0,0.0,0.0,0.0,1.0
0.4266666666666667,0.45,0.9461884371664963,0.30000000000000004,0.0,0.0,0.8573622660815876,0.0,0.0,0.0,0.0,1.0
1.0,0.35000000000000003,0.04764551810760769,0.1,1.0,0.0,0.4972934323867316,0.0,0.0,0.0,0.0,1.0
0.32,0.05,0.04764551810760769,0.2,0.0,1.0,0.49520398099740226,0.0,0.0,0.0,0.0,1.0
0.4666666666666667,0.0,0.04764551810760769,0.1,1.0,1.0,0.9897456762847492,0.0,0.0,1.0,0.0,0.0
0.7066666666666667,0.5,0.04764551810760769,0.2,0.0,0.0,0.3844632574492636,0.0,0.0,1.0,0.0,0.0
0.5866666666666667,0.4,0.04764551810760769,0.1,0.0,0.0,0.7980399244233963,0.0,0.0,0.0,0.0,1.0
0.49333333333333335,0.05,0.04764551810760769,0.1,1.0,1.0,0.4530930143263804,0.0,0.0,1.0,0.0,0.0
0.64,0.05,0.8437239870360357,0.2,0.0,1.0,0.718007048240611,0.0,0.0,1.0,0.0,0.0
0.4,0.30000000000000004,0.04764551810760769,0.1,0.0,0.0,0.48296875271992334,0.0,0.0,1.0,0.0,0.0
0.36,0.30000000000000004,0.04764551810760769,0.1,1.0,1.0,0.9595347432882546,0.0,0.0,0.0,0.0,1.0
0.37333333333333335,0.30000000000000004,0.6726492761478484,0.2,1.0,0.0,0.9536776165237684,0.0,0.0,0.0,0.0,1.0
0.38666666666666666,1.0,0.04764551810760769,0.30000000000000004,0.0,1.0,0.8010134071838592,0.0,0.0,1.0,0.0,0.0
0.56,0.2,0.698432076525563,0.4,1.0,1.0,0.5580145774887286,0.0,0.0,0.0,0.0,1.0
0.38666666666666666,0.1,0.152794364373769,0.4,0.0,1.0,0.78962554445988,0.0,0.0,1.0,0.0,0.0
0.9333333333333333,0.2,0.5798901227648713,0.4,1.0,1.0,0.45177929758897983,0.0,0.0,0.0,0.0,1.0
0.72,0.1,0.580565688566119,0.4,1.0,0.0,0.8258224097875824,0.0,0.0,1.0,0.0,0.0
0.8933333333333334,0.1,0.8926395917198379,0.4,0.0,0.0,0.763348658611325,0.0,0.0,1.0,0.0,0.0
0.76,0.5,0.3509108608101463,0.1,0.0,0.0,0.609110820407924,0.0,0.0,1.0,0.0,0.0
0.8933333333333334,0.35000000000000003,0.8421488738529163,0.4,1.0,0.0,0.630618148669336,0.0,0.0,1.0,0.0,0.0
0.6,0.30000000000000004,0.2905551384190445,0.30000000000000004,1.0,1.0,0.6844573248899575,0.0,0.0,1.0,0.0,0.0
0.56,0.30000000000000004,0.04764551810760769,0.30000000000000004,0.0,1.0,0.3542992446941611,0.0,0.0,1.0,0.0,0.0
0.3466666666666667,0.2,0.04764551810760769,0.1,1.0,1.0,0.8836586603460733,0.0,0.0,1.0,0.0,0.0
0.3066666666666667,0.2,0.04764551810760769,0.30000000000000004,0.0,0.0,0.8574929224467436,0.0,0.0,1.0,0.0,0.0
0.0,0.35000000000000003,0.48822605397007945,0.1,0.0,0.0,0.4789687271088747,0.0,0.0,1.0,0.0,0.0
0.92,0.25,0.3436960429396656,0.30000000000000004,1.0,0.0,0.4543426534206857,0.0,0.0,1.0,0.0,0.0
0.9333333333333333,0.45,0.8082823919365106,0.1,1.0,1.0,0.5716007385586142,0.0,0.0,1.0,0.0,0.0
0.6266666666666667,0.15000000000000002,0.6236199892578415,0.2,0.0,0.0,0.36556775592990814,0.0,0.0,0.0,0.0,1.0
0.8933333333333334,0.35000000000000003,0.1808454725775506,0.2,1.0,1.0,0.9526124069923766,0.0,0.0,0.0,0.0,1.0
0.44,0.05,0.04764551810760769,0.1,0.0,1.0,0.9658080495925943,0.0,0.0,0.0,0.0,1.0
0.8666666666666667,0.5,0.04764551810760769,0.4,0.0,1.0,0.7040328697800231,0.0,0.0,1.0,0.0,0.0
0.6533333333333333,0.4,0.04764551810760769,0.30000000000000004,1.0,0.0,0.38303774248210676,0.0,0.0,0.0,0.0,1.0
0.8666666666666667,1.0,0.04764551810760769,0.4,1.0,0.0,0.40710997724418313,0.0,0.0,0.0,0.0,1.0
0.7733333333333333,0.30000000000000004,0.3723659234871107,0.1,1.0,0.0,0.487442132535976,0.0,0.0,0.0,0.0,1.0
0.8933333333333334,0.2,0.04764551810760769,0.1,0.0,0.0,0.606733744937566,0.0,0.0,0.0,0.0,1.0
0.5466666666666667,0.5,0.04764551810760769,0.30000000000000004,0.0,1.0,0.7061242720109455,0.0,0.0,1.0,0.0,0.0
0.7733333333333333,0.1,0.43968551480482043,0.2,0.0,1.0,0.372698031930975,0.0,0.0,1.0,0.0,0.0
0.6,0.1,0.2358149644376235,0.2,0.0,1.0,0.9263555797971245,0.0,0.0,1.0,0.0,0.0
0.7733333333333333,0.45,0.04764551810760769,0.2,1.0,1.0,0.7873891796921192,0.0,0.0,0.0,0.0,1.0
0.41333333333333333,0.2,0.04764551810760769,0.4,0.0,1.0,0.6981501819885099,0.0,0.0,0.0,0.0,1.0
0.3466666666666667,0.1,0.04764551810760769,0.2,0.0,0.0,0.42641605588650944,0.0,0.0,1.0,0.0,0.0
0.7066666666666667,0.15000000000000002,0.04764551810760769,0.30000000000000004,0.0,0.0,0.654275054258407,0.0,0.0,0.0,0.0,1.0
1.0,0.4,0.04764551810760769,0.1,1.0,0.0,0.36068584987563634,0.0,0.0,0.0,0.0,0.0
0.7066666666666667,0.05,0.8961777002489907,0.4,0.0,0.0,0.48691710603954547,0.0,0.0,1.0,0.0,0.0
0.32,0.5,0.8730893968568156,0.30000000000000004,1.0,0.0,0.9868742375460774,0.0,0.0,0.0,0.0,1.0
0.8933333333333334,0.15000000000000002,0.3599216288401752,0.30000000000000004,0.0,1.0,0.7423678574937228,0.0,0.0,0.0,0.0,1.0
0.6933333333333334,0.2,0.04764551810760769,0.4,0.0,1.0,0.800375582026086,0.0,0.0,1.0,0.0,0.0
0.4666666666666667,0.4,0.7607492219606006,0.30000000000000004,0.0,1.0,0.4353207473704156,0.0,0.0,0.0,0.0,1.0
0.56,0.1,0.04764551810760769,0.4,1.0,1.0,0.6613287472215514,0.0,0.0,0.0,0.0,1.0
0.8266666666666667,0.45,0.04764551810760769,0.2,1.0,0.0,0.5183081481351055,0.0,0.0,1.0,0.0,0.0
0.32,0.05,0.6903672626120425,0.4,1.0,0.0,0.7620463968155863,0.0,0.0,0.0,0.0,1.0
0.32,0.25,0.04764551810760769,0.30000000000000004,1.0,0.0,0.3952766723564546,0.0,0.0,1.0,0.0,0.0
0.5333333333333333,0.4,0.3756885313378628,0.2,1.0,1.0,0.4433242000599058,0.0,0.0,0.0,0.0,1.0
0.7733333333333333,0.30000000000000004,0.5506325347515688,0.1,1.0,1.0,0.8652975893800585,0.0,0.0,0.0,0.0,1.0
0.7733333333333333,0.2,0.04764551810760769,0.30000000000000004,1.0,0.0,0.5269977968495609,0.0,0.0,1.0,0.0,0.0
0.3466666666666667,0.25,0.653261076046392,0.30000000000000004,0.0,1.0,0.82406125002326,0.0,0.0,1.0,0.0,0.0
0.8933333333333334,0.35000000000000003,0.04764551810760769,0.2,1.0,0.0,0.41154984260209854,0.0,0.0,1.0,0.0,0.0
0.92,0.1,0.04764551810760769,0.4,0.0,1.0,0.5375954686851907,0.0,0.0,1.0,0.0,0.0
0.8666666666666667,0.05,0.04764551810760769,0.1,1.0,0.0,0.4465339847610259,0.0,0.0,1.0,0.0,0.0
0.72,0.4,0.9004358278477858,0.30000000000000004,0.0,0.0,0.7098290202393313,0.0,0.0,0.0,0.0,1.0
0.7066666666666667,0.30000000000000004,0.04764551810760769,0.4,0.0,0.0,0.6036952841455804,0.0,0.0,0.0,0.0,1.0
0.88,0.35000000000000003,0.04764551810760769,0.30000000000000004,1.0,1.0,0.6133358931042852,0.0,0.0,1.0,0.0,0.0
0.5066666666666667,0.15000000000000002,0.04764551810760769,0.1,0.0,1.0,0.6599845673423514,0.0,0.0,1.0,0.0,0.0
0.32,0.2,0.04764551810760769,0.4,0.0,0.0,0.7613860119255447,0.0,0.0,0.0,0.0,1.0
0.6533333333333333,0.2,0.04764551810760769,0.30000000000000004,1.0,0.0,0.6752646591739677,0.0,0.0,0.0,0.0,1.0
0.8933333333333334,0.45,0.3221968128674154,0.30000000000000004,0.0,0.0,0.9028630451176638,0.0,0.0,1.0,0.0,0.0
0.9866666666666667,0.4,0.9659295476205757,0.30000000000000004,1.0,0.0,0.7309317239457102,0.0,0.0,1.0,0.0,0.0
0.56,0.4,0.04764551810760769,0.30000000000000004,1.0,0.0,0.7041279608022901,0.0,0.0,0.0,0.0,1.0
0.64,0.5,0.8299536223291292,0.2,0.0,0.0,0.7983961781112372,0.0,0.0,0.0,0.0,1.0
0.8,0.05,0.04764551810760769,0.30000000000000004,1.0,1.0,0.7293492912842601,0.0,0.0,0.0,0.0,1.0
0.38666666666666666,0.35000000000000003,0.04764551810760769,0.4,1.0,1.0,0.7120091607519483,0.0,0.0,0.0,0.0,1.0
1.0,0.25,0.07225866866129864,0.4,0.0,0.0,0.8486088398535129,0.0,0.0,1.0,0.0,0.0
0.9866666666666667,0.30000000000000004,0.6479589875003412,0.1,0.0,1.0,0.5499425952355846,0.0,0.0,0.0,0.0,1.0
0.8400000000000001,0.35000000000000003,0.8014593155159107,0.4,0.0,0.0,0.5749042636993599,0.0,0.0,0.0,0.0,1.0
0.68,0.15000000000000002,0.12515448463677417,0.2,0.0,1.0,0.6748380251240385,0.0,0.0,0.0,0.0,1.0
0.9066666666666667,0.2,0.04764551810760769,0.2,1.0,0.0,0.6199041266402325,0.0,0.0,1.0,0.0,0.0
0.92,0.25,0.4715222023588057,0.2,1.0,1.0,0.8792994797955839,0.0,0.0,0.0,0.0,1.0
0.5866666666666667,0.05,0.04764551810760769,0.2,1.0,0.0,0.741494280632665,0.0,0.0,1.0,0.0,0.0
0.8,0.2,0.33435213744702835,0.1,1.0,1.0,0.37491783955598446,0.0,0.0,1.0,0.0,0.0
0.64,0.2,0.5761337024717494,0.2,0.0,0.0,0.725350966406908,0.0,0.0,1.0,0.0,0.0
0.5466666666666667,0.2,0.04764551810760769,0.30000000000000004,0.0,1.0,0.9406178325329547,0.0,0.0,1.0,0.0,0.0
0.68,0.15000000000000002,0.04764551810760769,0.30000000000000004,1.0,0.0,0.4025736702813594,0.0,0.0,1.0,0.0,0.0
0.64,0.35000000000000003,0.5288446681306228,0.2,1.0,0.0,0.8647894201558552,0.0,0.0,1.0,0.0,0.0
0.7733333333333333,0.1,0.04764551810760769,0.30000000000000004,0.0,0.0,0.5602564946517927,0.0,0.0,0.0,0.0,1.0
0.64,0.30000000000000004,0.7370339988411656,0.4,1.0,0.0,0.685880038648673,0.0,0.0,0.0,0.0,1.0
0.7866666666666667,0.45,0.9010624617019369,0.1,1.0,1.0,0.751979904130642,0.0,0.0,0.0,0.0,1.0
0.5733333333333334,0.35000000000000003,0.04764551810760769,0.2,0.0,0.0,0.7470676349777294,0.0,0.0,0.0,0.0,1.0
0.64,0.30000000000000004,0.04764551810760769,0.30000000000000004,1.0,1.0,0.8392457005952367,0.0,0.0,1.0,0.0,0.0
0.88,0.5,0.04764551810760769,0.2,1.0,0.0,0.6775978657192713,0.0,0.0,0.0,0.0,1.0
0.32,0.30000000000000004,0.04764551810760769,0.1,0.0,0.0,0.5110303084750761,0.0,0.0,0.0,0.0,1.0
0.8133333333333334,0.15000000000000002,0.04764551810760769,0.2,0.0,1.0,0.3888993711887308,0.0,0.0,0.0,0.0,1.0
0.8533333333333334,0.25,0.5486708734800424,0.30000000000000004,0.0,1.0,0.4022422272968559,0.0,0.0,0.0,0.0,1.0
0.92,0.15000000000000002,0.22730414082909778,0.1,0.0,0.0,0.3834130543916645,0.0,0.0,0.0,0.0,1.0
0.4666666666666667,0.15000000000000002,0.8901582607823117,0.30000000000000004,1.0,1.0,0.6586668488786063,0.0,0.0,1.0,0.0,0.0
0.3333333333333333,0.4,0.04764551810760769,0.30000000000000004,1.0,0.0,0.7129254560417364,0.0,0.0,0.0,0.0,1.0
0.38666666666666666,0.35000000000000003,0.04764551810760769,0.2,1.0,0.0,0.0,0.0,0.0,1.0,0.0,0.0
0.8666666666666667,0.4,0.04764551810760769,0.2,1.0,0.0,0.4327005170030351,0.0,0.0,1.0,0.0,0.0
0.9333333333333333,0.45,0.04764551810760769,0.30000000000000004,1.0,0.0,0.8240665523106668,0.0,0.0,1.0,0.0,0.0
0.4666666666666667,0.1,0.04764551810760769,0.1,1.0,0.0,0.5654891520201815,0.0,0.0,1.0,0.0,0.0
0.41333333333333333,0.4,0.6715236031370381,0.1,1.0,1.0,0.9929793713007792,0.0,0.0,0.0,0.0,1.0
0.64,0.4,0.5737614797706897,0.4,0.0,1.0,0.6690541799732405,0.0,0.0,0.0,0.0,1.0
0.56,0.30000000000000004,0.6379176945591629,0.2,1.0,0.0,0.423219476882327,0.0,0.0,1.0,0.0,0.0
0.45333333333333337,0.1,0.04764551810760769,0.30000000000000004,0.0,0.0,0.5614420060814236,0.0,0.0,1.0,0.0,0.0
0.48000000000000004,0.30000000000000004,0.7447872110662624,0.1,0.0,0.0,0.8311524591708863,0.0,0.0,1.0,0.0,0.0
0.5466666666666667,0.1,0.8208521372326234,0.4,1.0,0.0,0.5921335964335015,0.0,0.0,0.0,0.0,1.0
0.9866666666666667,0.05,0.04764551810760769,0.2,0.0,0.0,0.6490489997384872,0.0,0.0,0.0,0.0,1.0
0.6,0.30000000000000004,0.10851857553432186,0.4,0.0,1.0,0.9965830259173808,0.0,0.0,1.0,0.0,0.0
0.5866666666666667,0.25,0.04764551810760769,0.1,0.0,0.0,0.580595618950015,0.0,0.0,0.0,0.0,1.0
0.6,0.35000000000000003,0.04764551810760769,0.30000000000000004,1.0,0.0,0.5086906991676209,0.0,0.0,1.0,0.0,0.0
0.8133333333333334,0.35000000000000003,0.35108595808919174,0.2,1.0,0.0,0.888257394239875,0.0,0.0,0.0,0.0,1.0
0.38666666666666666,0.1,0.04764551810760769,0.2,0.0,0.0,0.834438826909929,0.0,0.0,0.0,0.0,1.0
0.5733333333333334,0.5,0.04764551810760769,0.1,0.0,0.0,0.5564886191903187,0.0,0.0,0.0,0.0,1.0
0.6666666666666667,0.05,0.7104397952900785,0.1,1.0,1.0,0.6203517697534717,0.0,0.0,1.0,0.0,0.0
0.8,0.30000000000000004,0.07511463630770486,0.2,1.0,0.0,0.4635659823647922,0.0,0.0,0.0,0.0,1.0
0.6133333333333334,0.15000000000000002,0.04764551810760769,0.4,0.0,1.0,0.6891923675873772,0.0,0.0,0.0,0.0,1.0
0.7733333333333333,0.45,0.07380452749629997,0.2,0.0,1.0,0.9293289124928494,0.0,0.0,0.0,0.0,1.0
0.5466666666666667,0.35000000000000003,0.45980307249746805,0.2,0.0,0.0,0.722191503414573,0.0,0.0,0.0,0.0,1.0
0.7466666666666667,0.4,0.2864665335736764,0.1,0.0,0.0,0.7325105550534501,0.0,0.0,1.0,0.0,0.0
0.72,0.45,0.04764551810760769,0.30000000000000004,1.0,1.0,0.6870467419644835,0.0,0.0,1.0,0.0,0.0
0.6133333333333334,0.2,0.04764551810760769,0.30000000000000004,1.0,0.0,0.9116552380697034,0.0,0.0,1.0,0.0,0.0
0.64,0.2,0.04764551810760769,0.30000000000000004,0.0,1.0,0.8099093448913862,0.0,0.0,0.0,0.0,1.0
0.49333333333333335,0.1,0.04764551810760769,0.1,1.0,1.0,0.828704152971592,0.0,0.0,1.0,0.0,0.0
0.8400000000000001,0.4,0.04764551810760769,0.2,1.0,0.0,0.4396490145848919,0.0,0.0,1.0,0.0,0.0
0.7866666666666667,0.5,0.8669732846338963,0.1,1.0,0.0,0.5056112707021809,0.0,0.0,1.0,0.0,0.0
0.9866666666666667,0.35000000000000003,0.34879859205588176,0.4,0.0,0.0,0.9851896608196776,0.0,0.0,1.0,0.0,0.0
0.6,0.5,0.04764551810760769,0.30000000000000004,0.0,0.0,0.9780872968598654,0.0,0.0,1.0,0.0,0.0
0.52,0.1,0.9675695539993576,0.30000000000000004,1.0,1.0,0.8223270518901855,0.0,0.0,1.0,0.0,0.0
0.76,0.1,0.2482789843290556,0.4,0.0,0.0,0.6091451352113302,0.0,0.0,0.0,0.0,1.0
0.92,0.4,0.04764551810760769,0.1,1.0,0.0,0.8477417157761858,0.0,0.0,0.0,0.0,1.0
0.5466666666666667,0.30000000000000004,0.6607105957390708,0.30000000000000004,0.0,0.0,0.9375156942705083,0.0,0.0,1.0,0.0,0.0
0.9733333333333334,0.4,0.13054295450715406,0.4,0.0,1.0,0.7051545036528759,0.0,0.0,1.0,0.0,0.0
0.38666666666666666,0.5,0.04764551810760769,0.2,1.0,1.0,0.9646818137344451,0.0,0.0,1.0,0.0,0.0
0.6266666666666667,0.35000000000000003,0.5270322326218094,0.30000000000000004,1.0,0.0,0.42815410568119083,0.0,0.0,0.0,0.0,1.0
0.3333333333333333,0.30000000000000004,0.04764551810760769,0.2,1.0,0.0,0.7940667604004368,0.0,0.0,0.0,0.0,1.0
0.4,0.15000000000000002,0.9491186841756323,0.2,0.0,0.0,0.4357844974321923,0.0,0.0,0.0,0.0,1.0
0.4,0.4,0.04764551810760769,0.30000000000000004,0.0,1.0,0.5498818690383032,0.0,0.0,0.0,0.0,1.0
0.3066666666666667,0.30000000000000004,0.04764551810760769,0.1,0.0,0.0,0.7901598749700621,0.0,0.0,1.0,0.0,0.0
0.7733333333333333,0.25,0.04764551810760769,0.1,0.0,1.0,0.8890443837471486,0.0,0.0,0.0,0.0,1.0
0.9866666666666667,0.15000000000000002,0.04764551810760769,0.4,0.0,0.0,0.5861917331136652,0.0,0.0,0.0,0.0,1.0
0.6133333333333334,0.2,0.15916223551436887,0.2,1.0,1.0,0.3808421453014831,0.0,0.0,1.0,0.0,0.0
0.49333333333333335,0.1,0.07349580836172173,0.30000000000000004,0.0,1.0,0.9627531817225952,0.0,0.0,1.0,0.0,0.0
0.6133333333333334,0.4,0.4251468661184288,0.4,1.0,1.0,0.7040709862234568,0.0,0.0,1.0,0.0,0.0
0.49333333333333335,0.45,0.21510846049564777,0.2,0.0,0.0,0.3717845878712076,0.0,0.0,0.0,0.0,1.0
0.6266666666666667,0.30000000000000004,0.04764551810760769,0.2,1.0,0.0,0.6436009494495926,0.0,0.0,1.0,0.0,0.0
0.6933333333333334,0.2,0.04764551810760769,0.2,0.0,0.0,0.8835458116631515,0.0,0.0,1.0,0.0,0.0
0.9466666666666667,0.05,0.04764551810760769,0.2,1.0,0.0,0.7798554796539227,0.0,0.0,0.0,0.0,1.0
0.52,0.35000000000000003,0.04764551810760769,0.4,1.0,1.0,0.594926401249499,0.0,0.0,1.0,0.0,0.0
0.41333333333333333,0.25,0.8697839413925822,0.1,0.0,1.0,0.6837315617957587,0.0,0.0,1.0,0.0,0.0
0.7466666666666667,0.35000000000000003,0.04764551810760769,0.2,0.0,1.0,0.8201638186713749,0.0,0.0,1.0,0.0,0.0
0.3066666666666667,0.4,0.04764551810760769,0.2,0.0,0.0,0.8339783782723867,0.0,0.0,1.0,0.0,0.0
0.8533333333333334,0.45,0.7629306243616394,0.2,1.0,1.0,0.5014301169524533,0.0,0.0,1.0,0.0,0.0
0.6133333333333334,0.4,0.6446825958021535,1.0,1.0,0.0,0.8307677932259977,0.0,0.0,0.0,0.0,1.0
0.8533333333333334,0.05,0.04764551810760769,0.2,0.0,1.0,0.8560994212903447,0.0,0.0,0.0,0.0,1.0
0.3333333333333333,0.35000000000000003,0.5105845233158822,0.30000000000000004,1.0,1.0,0.5118139465365359,0.0,0.0,1.0,0.0,0.0
0.9066666666666667,0.05,0.04764551810760769,0.1,0.0,1.0,0.5748747509675673,0.0,0.0,1.0,0.0,0.0
0.45333333333333337,0.5,0.04764551810760769,0.2,1.0,1.0,0.8882736012315713,0.0,0.0,1.0,0.0,0.0
0.3066666666666667,0.30000000000000004,0.281069868674182,0.4,0.0,0.0,0.4718343493383046,0.0,0.0,1.0,0.0,0.0
0.76,0.30000000000000004,0.9792190737587402,0.1,0.0,0.0,0.6993785619116086,0.0,0.0,1.0,0.0,0.0
0.6933333333333334,0.1,0.04764551810760769,0.2,1.0,0.0,0.45698359272190026,0.0,0.0,0.0,0.0,1.0
0.5866666666666667,0.15000000000000002,0.04764551810760769,0.1,1.0,1.0,0.9415353783622255,0.0,0.0,1.0,0.0,0.0
0.9866666666666667,0.25,0.04764551810760769,0.1,0.0,0.0,0.5107450854298544,0.0,0.0,0.0,0.0,1.0
0.88,0.30000000000000004,0.06495289549675051,0.4,0.0,1.0,0.9580303943121063,0.0,0.0,1.0,0.0,0.0
0.6,0.35000000000000003,0.04764551810760769,0.4,0.0,1.0,0.5953418804872421,0.0,0.0,1.0,0.0,0.0
0.48000000000000004,0.35000000000000003,0.6139223157932552,0.2,1.0,0.0,0.6409571589183574,0.0,0.0,1.0,0.0,0.0
0.5866666666666667,0.45,0.6644707800281232,0.30000000000000004,0.0,1.0,0.407015836631923,0.0,0.0,0.0,0.0,1.0
0.8933333333333334,0.05,0.09015713634808444,0.1,0.0,0.0,0.9702797786965296,0.0,0.0,1.0,0.0,0.0
0.49333333333333335,0.2,0.22221817235318309,0.30000000000000004,0.0,0.0,0.4419700658864234,0.0,0.0,0.0,0.0,1.0
0.7333333333333334,0.35000000000000003,0.6404893137535029,0.2,0.0,1.0,0.8495469945734591,0.0,0.0,1.0,0.0,0.0
0.68,0.1,0.04764551810760769,0.30000000000000004,0.0,0.0,0.8872443572157029,0.0,0.0,1.0,0.0,0.0
0.8666666666666667,0.35000000000000003,0.04764551810760769,0.2,1.0,1.0,0.9525113133805924,0.0,0.0,0.0,0.0,1.0
0.64,0.1,0.04764551810760769,0.2,1.0,0.0,0.6271689606896415,0.0,0.0,0.0,0.0,1.0
0.6666666666666667,0.05,0.04764551810760769,0.2,1.0,1.0,0.5961031088811714,0.0,0.0,1.0,0.0,0.0
0.4666666666666667,0.45,0.700818640527573,0.4,0.0,1.0,0.5557055813878107,0.0,0.0,1.0,0.0,0.0
0.7866666666666667,0.25,0.04764551810760769,0.4,1.0,1.0,0.5439198470220052,0.0,0.0,0.0,0.0,1.0
0.7866666666666667,0.45,0.04764551810760769,0.4,1.0,1.0,0.5502287686908132,0.0,0.0,0.0,0.0,1.0
0.6133333333333334,0.5,0.5592501319661738,0.2,1.0,1.0,0.9461261088033378,0.0,0.0,0.0,0.0,1.0
0.41333333333333333,0.05,0.16135802686187609,0.2,0.0,1.0,0.7293477406153015,0.0,0.0,1.0,0.0,0.0
0.88,0.45,0.04764551810760769,0.30000000000000004,1.0,0.0,0.9176027038064221,0.0,0.0,1.0,0.0,0.0
0.64,0.45,0.7079733297542019,0.4,0.0,1.0,0.8894840734292775,0.0,0.0,1.0,0.0,0.0
0.7333333333333334,0.5,0.5772642829709248,0.1,1.0,0.0,0.5531633346625735,0.0,0.0,0.0,0.0,1.0
0.9466666666666667,0.35000000000000003,0.8421561636171868,0.4,1.0,0.0,0.7412194120543603,0.0,0.0,0.0,0.0,1.0
0.7733333333333333,0.4,0.8536308719706325,0.1,0.0,0.0,0.611483393936144,0.0,0.0,0.0,0.0,1.0
0.4,0.35000000000000003,0.39088144827890814,0.4,1.0,0.0,0.8374514265454117,0.0,0.0,0.0,0.0,1.0
0.64,0.35000000000000003,0.04764551810760769,0.1,1.0,0.0,0.4191624766924451,0.0,0.0,1.0,0.0,0.0
0.64,0.1,0.4573679100669882,0.1,1.0,1.0,0.6915803977836039,0.0,0.0,0.0,0.0,1.0
0.6133333333333334,0.1,0.04764551810760769,0.4,1.0,1.0,0.38512444268457413,0.0,0.0,1.0,0.0,0.0
0.6,0.35000000000000003,0.4200016266179882,0.4,1.0,1.0,0.9074183102590457,0.0,0.0,0.0,0.0,1.0
0.45333333333333337,0.4,0.7822421151789424,0.2,1.0,0.0,0.5723135960853512,0.0,0.0,0.0,0.0,1.0
0.37333333333333335,0.2,0.16560066966728612,0.4,0.0,1.0,0.7385716698183596,0.0,0.0,0.0,0.0,1.0
0.38666666666666666,0.15000000000000002,0.04764551810760769,0.1,0.0,0.0,0.855287971230789,0.0,0.0,1.0,0.0,0.0
0.44,0.15000000000000002,0.04764551810760769,0.1,0.0,0.0,0.7632894830830019,0.0,0.0,0.0,0.0,1.0
0.52,0.5,0.04764551810760769,0.1,0.0,1.0,0.9080494325251914,0.0,0.0,0.0,0.0,1.0
0.76,0.35000000000000003,0.9561068999619932,0.2,1.0,1.0,0.6932312599655491,0.0,0.0,1.0,0.0,0.0
0.8400000000000001,0.5,0.04764551810760769,0.30000000000000004,1.0,0.0,0.6964065297769457,0.0,0.0,1.0,0.0,0.0
0.3466666666666667,0.5,0.21004436131254445,0.1,1.0,0.0,0.980805369436375,0.0,0.0,1.0,0.0,0.0
0.32,0.05,0.7361486974692082,0.4,0.0,0.0,0.6669755332450419,0.0,0.0,1.0,0.0,0.0
0.45333333333333337,0.45,0.4391488833343744,0.30000000000000004,1.0,0.0,0.8235632351796565,0.0,0.0,1.0,0.0,0.0
0.9333333333333333,0.4,0.786672671907769,0.4,0.0,1.0,0.9067918900213553,0.0,0.0,1.0,0.0,0.0
0.5866666666666667,0.25,0.18215925009384976,0.30000000000000004,1.0,1.0,0.6023521547195461,0.0,0.0,0.0,0.0,1.0
0.64,0.30000000000000004,0.04764551810760769,0.4,1.0,1.0,0.9043281771756336,0.0,0.0,1.0,0.0,0.0
0.37333333333333335,0.05,0.6435971832541441,0.4,0.0,1.0,0.7876311840928176,0.0,0.0,0.0,0.0,1.0
0.37333333333333335,0.25,0.04764551810760769,0.4,0.0,0.0,0.8593208610194438,0.0,0.0,1.0,0.0,0.0
0.9866666666666667,0.5,0.23725895715491077,0.1,1.0,1.0,0.3904336830908854,0.0,0.0,0.0,0.0,1.0
0.44,0.35000000000000003,0.0869804667192959,0.4,1.0,0.0,0.4268662501002932,0.0,0.0,0.0,0.0,1.0
0.8266666666666667,0.05,0.8526389399291502,0.30000000000000004,0.0,0.0,0.37611190467567707,0.0,0.0,0.0,0.0,1.0
0.9600000000000001,0.30000000000000004,0.6722952223027907,0.4,1.0,0.0,0.925524421235321,0.0,0.0,1.0,0.0,0.0
0.6,0.2,0.9941702849864255,0.2,1.0,1.0,0.6861039352376614,0.0,0.0,1.0,0.0,0.0
0.6266666666666667,0.2,0.8566098126992744,0.1,1.0,0.0,0.4811591220452503,0.0,0.0,1.0,0.0,0.0
0.5066666666666667,0.05,0.1430914022566728,0.1,0.0,1.0,0.4619424319651497,0.0,0.0,1.0,0.0,0.0
0.64,0.30000000000000004,0.04764551810760769,0.30000000000000004,1.0,0.0,0.7137997332049046,0.0,0.0,0.0,0.0,1.0
0.45333333333333337,0.1,0.067607084373971,0.2,0.0,0.0,0.7424087751455978,0.0,0.0,1.0,0.0,0.0
0.7866666666666667,0.35000000000000003,0.9366193113097643,0.4,1.0,0.0,0.7284332461023686,0.0,0.0,1.0,0.0,0.0
0.72,0.25,0.04764551810760769,0.2,1.0,0.0,0.5267350334934491,0.0,0.0,1.0,0.0,0.0
0.49333333333333335,0.5,0.04764551810760769,0.4,1.0,1.0,0.5439391053300393,0.0,0.0,0.0,0.0,1.0
0.7733333333333333,0.25,0.40606831423915374,0.30000000000000004,1.0,1.0,0.9641516850369249,0.0,0.0,1.0,0.0,0.0
0.5733333333333334,0.05,0.9860060825221326,0.1,0.0,0.0,0.48250580300341567,0.0,0.0,1.0,0.0,0.0
0.3466666666666667,0.4,0.04764551810760769,0.2,0.0,1.0,0.6400627230587276,0.0,0.0,1.0,0.0,0.0
0.9333333333333333,0.05,0.13462055323783934,0.1,1.0,1.0,0.6024421935623028,0.0,0.0,1.0,0.0,0.0
0.36,0.1,0.04764551810760769,0.30000000000000004,1.0,0.0,0.790142067287828,0.0,0.0,1.0,0.0,0.0
0.8533333333333334,0.30000000000000004,0.04764551810760769,0.30000000000000004,1.0,0.0,0.8478213501304462,0.0,0.0,1.0,0.0,0.0
0.4266666666666667,0.45,0.04764551810760769,0.1,0.0,0.0,0.5076861658119313,0.0,0.0,1.0,0.0,0.0
0.41333333333333333,0.25,0.04764551810760769,0.2,0.0,0.0,0.5622859201459509,0.0,0.0,0.0,0.0,1.0
0.3466666666666667,0.45,0.1788400727204014,0.30000000000000004,1.0,1.0,0.9512115526638192,0.0,0.0,1.0,0.0,0.0
0.7466666666666667,0.5,0.4026116319004468,0.2,0.0,1.0,0.9704830663948427,0.0,0.0,0.0,0.0,1.0
0.9066666666666667,0.5,0.6914962708091205,0.1,1.0,1.0,0.8675534125421707,0.0,0.0,1.0,0.0,0.0
0.41333333333333333,0.2,0.5308797987910713,0.1,1.0,1.0,0.7802093323059568,0.0,0.0,0.0,0.0,1.0
0.7066666666666667,0.4,0.04764551810760769,0.2,0.0,1.0,0.6537527789488384,0.0,0.0,1.0,0.0,0.0
0.92,0.2,0.942602349600609,0.4,1.0,1.0,0.842366396863607,0.0,0.0,1.0,0.0,0.0
0.9600000000000001,0.45,0.9975305327964826,0.1,1.0,0.0,0.3699298877535769,0.0,0.0,1.0,0.0,0.0
0.88,0.5,0.04764551810760769,0.4,0.0,0.0,0.9821231379216995,0.0,0.0,1.0,0.0,0.0
0.49333333333333335,0.05,0.04764551810760769,0.30000000000000004,1.0,0.0,0.47544475686811294,0.0,0.0,0.0,0.0,1.0
0.7733333333333333,0.2,0.04764551810760769,0.4,0.0,0.0,0.45821792521293686,0.0,0.0,1.0,0.0,0.0
0.7466666666666667,0.1,0.37764943028109954,0.4,1.0,0.0,0.46665786620348015,0.0,0.0,0.0,0.0,1.0
0.4266666666666667,0.5,0.7252819935723337,0.4,0.0,0.0,0.413029630982806,0.0,0.0,0.0,0.0,1.0
0.8133333333333334,0.25,0.04764551810760769,0.1,0.0,0.0,0.36279776095407557,0.0,0.0,1.0,0.0,0.0
0.9866666666666667,0.4,0.04764551810760769,0.30000000000000004,1.0,1.0,0.35698760445256084,0.0,0.0,0.0,0.0,1.0
0.7333333333333334,0.05,0.9879337725392483,0.2,0.0,1.0,0.941168520099571,0.0,0.0,1.0,0.0,0.0
0.6533333333333333,0.25,0.9487602469429086,0.4,1.0,0.0,0.3829950240533766,0.0,0.0,0.0,0.0,1.0
0.6266666666666667,0.25,0.18781887060778005,0.30000000000000004,1.0,0.0,0.5315847256506456,0.0,0.0,1.0,0.0,0.0
0.3066666666666667,0.15000000000000002,0.04764551810760769,0.1,1.0,0.0,0.8248569432853333,0.0,0.0,0.0,0.0,1.0
0.8933333333333334,0.35000000000000003,0.1228901313887101,0.1,1.0,0.0,0.6572307293366358,0.0,0.0,0.0,0.0,1.0
0.37333333333333335,0.15000000000000002,0.04764551810760769,0.30000000000000004,0.0,0.0,0.756716947691234,0.0,0.0,1.0,0.0,0.0
0.38666666666666666,0.30000000000000004,0.20548601930415342,0.30000000000000004,1.0,0.0,0.35938283775620805,0.0,0.0,0.0,0.0,1.0
0.7733333333333333,0.15000000000000002,0.04764551810760769,0.2,0.0,1.0,0.7001450925929447,0.0,0.0,0.0,0.0,1.0
0.7733333333333333,0.4,0.2128002257254066,0.1,0.0,1.0,0.6742073030305273,0.0,0.0,1.0,0.0,0.0
0.41333333333333333,0.2,0.5679995166838643,0.1,1.0,1.0,0.9941142108705696,0.0,0.0,1.0,0.0,0.0
0.52,0.4,0.04764551810760769,0.1,0.0,0.0,0.3689729749413897,0.0,0.0,1.0,0.0,0.0
0.6666666666666667,0.4,0.04764551810760769,0.2,1.0,0.0,0.5699338694712899,0.0,0.0,1.0,0.0,0.0
0.5733333333333334,0.05,0.7640868381495567,0.30000000000000004,0.0,0.0,0.47071881809812754,0.0,0.0,0.0,0.0,1.0
0.5866666666666667,0.1,0.853401363509908,0.30000000000000004,1.0,1.0,0.7756598196461953,0.0,0.0,1.0,0.0,0.0
0.5333333333333333,0.4,0.6052793711630171,0.2,0.0,1.0,0.4102691901286215,0.0,0.0,1.0,0.0,0.0
0.41333333333333333,0.45,0.04764551810760769,0.30000000000000004,0.0,1.0,0.5111810735151144,0.0,0.0,1.0,0.0,0.0
0.3466666666666667,0.35000000000000003,0.04764551810760769,0.4,1.0,1.0,0.6922597408522037,0.0,0.0,1.0,0.0,0.0
0.6,0.2,0.04764551810760769,0.4,0.0,1.0,0.44051989028066707,0.0,0.0,0.0,0.0,1.0
0.7066666666666667,0.5,0.3565122585009491,0.2,1.0,1.0,0.9841123460660929,0.0,0.0,0.0,0.0,1.0
0.4266666666666667,0.5,0.04764551810760769,0.2,0.0,0.0,0.9028546915139191,0.0,0.0,0.0,0.0,1.0
0.8133333333333334,0.35000000000000003,0.059773970615007874,0.2,0.0,1.0,0.5311031178850556,0.0,0.0,1.0,0.0,0.0
0.49333333333333335,0.30000000000000004,0.8524677019370714,0.4,0.0,0.0,0.4371443840872953,0.0,0.0,0.0,0.0,1.0
0.3333333333333333,0.05,0.6404831198361489,0.2,1.0,1.0,0.5385555328568745,0.0,0.0,0.0,0.0,1.0
0.37333333333333335,0.15000000000000002,0.44223483589668605,0.1,0.0,0.0,0.5885951699563192,0.0,0.0,1.0,0.0,0.0
0.3466666666666667,0.4,0.04764551810760769,0.4,0.0,0.0,0.3943943917405969,0.0,0.0,0.0,0.0,1.0
0.7066666666666667,0.4,0.5321014775208683,0.1,1.0,1.0,0.8995497157473734,0.0,0.0,0.0,0.0,1.0
0.52,0.2,0.04764551810760769,0.1,0.0,1.0,0.3565417120945976,0.0,0.0,1.0,0.0,0.0
0.9866666666666667,0.5,0.04764551810760769,0.30000000000000004,0.0,0.0,0.8808400443951521,0.0,0.0,0.0,0.0,1.0
0.36,0.2,0.04764551810760769,0.1,0.0,0.0,0.7201497726119048,0.0,0.0,1.0,0.0,0.0
0.4266666666666667,0.05,0.4286242266119944,0.4,1.0,0.0,0.3515013876986532,0.0,0.0,0.0,0.0,1.0
0.64,0.35000000000000003,0.21753599964323037,0.2,1.0,1.0,0.6392837870257229,0.0,0.0,0.0,0.0,1.0
0.8933333333333334,0.35000000000000003,0.33348303555122744,0.1,0.0,1.0,0.7744434449021308,0.0,0.0,1.0,0.0,0.0
0.5066666666666667,0.45,0.04764551810760769,0.1,0.0,0.0,0.45650688707108245,0.0,0.0,0.0,0.0,1.0
0.9066666666666667,0.30000000000000004,0.33856052312491897,0.2,1.0,0.0,0.6353959598170651,0.0,0.0,1.0,0.0,0.0
0.4,0.25,0.04764551810760769,0.2,1.0,0.0,0.513896094775286,0.0,0.0,1.0,0.0,0.0
1.0,0.25,0.04764551810760769,0.4,1.0,0.0,0.43690908257822425,0.0,0.0,1.0,0.0,0.0
0.8400000000000001,0.25,0.04764551810760769,0.30000000000000004,0.0,1.0,0.7572622329272848,0.0,0.0,0.0,0.0,1.0
0.8933333333333334,0.5,0.2965378908367806,0.30000000000000004,0.0,0.0,0.6005468259006936,0.0,0.0,0.0,0.0,1.0
0.7466666666666667,0.25,0.8440869505929794,0.4,0.0,0.0,0.8287057536621298,0.0,0.0,1.0,0.0,0.0
0.44,0.05,0.04764551810760769,0.2,1.0,1.0,0.39259926732392353,0.0,0.0,0.0,0.0,1.0
0.5333333333333333,0.05,0.04764551810760769,0.30000000000000004,1.0,0.0,0.8494861183114395,0.0,0.0,0.0,0.0,1.0
0.56,0.15000000000000002,0.25404680781460826,0.2,1.0,1.0,0.7355697748008492,0.0,0.0,0.0,0.0,1.0
0.41333333333333333,0.1,0.49199138397508746,0.1,0.0,1.0,0.5290887989078488,0.0,0.0,1.0,0.0,0.0
0.5733333333333334,0.05,0.3731023326149819,0.1,0.0,1.0,0.7805136635944746,0.0,0.0,0.0,0.0,1.0
0.5733333333333334,0.5,0.7306399226656067,0.2,1.0,0.0,0.4315994920208578,0.0,0.0,1.0,0.0,0.0
0.3066666666666667,0.25,0.04764551810760769,0.30000000000000004,0.0,1.0,0.9894188853071215,0.0,0.0,0.0,0.0,1.0
0.32,0.30000000000000004,0.7510289645204313,0.2,1.0,0.0,0.439387201638787,0.0,0.0,0.0,0.0,1.0
0.4,0.4,0.04764551810760769,0.4,1.0,0.0,0.5154908327452463,0.0,0.0,1.0,0.0,0.0
0.5733333333333334,0.4,0.09864766296589635,0.2,0.0,1.0,0.5728039576273205,0.0,0.0,1.0,0.0,0.0
0.49333333333333335,0.5,0.7664765467557618,0.4,1.0,1.0,0.4733424499329011,0.0,0.0,1.0,0.0,0.0
0.38666666666666666,0.35000000000000003,0.04764551810760769,0.4,1.0,1.0,0.4213509207872276,0.0,0.0,1.0,0.0,0.0
1.0,0.05,0.04764551810760769,0.30000000000000004,0.0,1.0,0.9786855049268255,0.0,0.0,0.0,0.0,1.0
0.9466666666666667,0.4,0.04764551810760769,0.2,0.0,1.0,0.5793626370416197,0.0,0.0,1.0,0.0,0.0
0.9066666666666667,0.1,0.04764551810760769,0.30000000000000004,0.0,0.0,0.758752976033861,0.0,0.0,1.0,0.0,0.0
0.3333333333333333,0.30000000000000004,0.6011556039252854,0.1,1.0,1.0,0.80747854624485,0.0,0.0,0.0,0.0,1.0
0.45333333333333337,0.30000000000000004,0.04764551810760769,0.4,1.0,1.0,0.7666214705023747,0.0,0.0,0.0,0.0,1.0
0.3066666666666667,0.25,0.08410048573176346,0.1,0.0,0.0,0.8132940050337716,0.0,0.0,1.0,0.0,0.0
0.5866666666666667,0.5,0.5109092751673037,0.30000000000000004,1.0,0.0,0.9848807775674425,0.0,0.0,1.0,0.0,0.0
0.8266666666666667,0.05,0.04764551810760769,0.4,0.0,0.0,0.578254909167815,0.0,0.0,1.0,0.0,0.0
0.64,0.15000000000000002,0.04764551810760769,0.30000000000000004,0.0,1.0,0.3516619069466568,0.0,0.0,1.0,0.0,0.0
0.8400000000000001,0.5,0.04764551810760769,0.30000000000000004,0.0,0.0,0.5185487519315832,0.0,0.0,1.0,0.0,0.0
0.7333333333333334,0.25,0.9505885960547701,0.1,0.0,0.0,0.4952197377948847,0.0,0.0,1.0,0.0,0.0
1.0,0.2,0.04764551810760769,0.1,1.0,1.0,0.39634528335523944,0.0,0.0,1.0,0.0,0.0
0.7733333333333333,0.45,0.5971977860271227,0.0,0.0,0.0,0.41987568437023737,0.0,0.0,0.0,0.0,1.0
0.6133333333333334,0.2,0.848870417674429,0.4,1.0,1.0,0.5041696487864865,0.0,0.0,1.0,0.0,0.0
0.5066666666666667,0.45,0.3993359548850307,0.1,1.0,1.0,0.38571694829149294,0.0,0.0,1.0,0.0,0.0
0.68,0.30000000000000004,0.04764551810760769,0.4,1.0,0.0,0.44157524556093497,0.0,0.0,0.0,0.0,1.0
0.9466666666666667,0.25,0.22632245257400863,0.2,1.0,0.0,0.7960170517561276,0.0,0.0,0.0,0.0,1.0
0.92,0.15000000000000002,0.04764551810760769,0.1,0.0,0.0,0.9420338934216221,0.0,0.0,1.0,0.0,0.0
0.45333333333333337,0.35000000000000003,0.258867581336736,0.30000000000000004,0.0,0.0,0.4141028439668873,0.0,0.0,1.0,0.0,0.0
0.8666666666666667,0.05,0.9558359875460334,0.1,0.0,0.0,0.6584335982542869,0.0,0.0,1.0,0.0,0.0
0.68,0.1,0.04764551810760769,0.2,1.0,1.0,0.36843794412909725,0.0,0.0,1.0,0.0,0.0
0.5333333333333333,0.1,0.19093093291401467,0.30000000000000004,1.0,0.0,0.7743167402417402,0.0,0.0,0.0,0.0,1.0
0.8533333333333334,0.30000000000000004,0.06844588372025544,0.2,0.0,1.0,0.8831710499909661,0.0,0.0,1.0,0.0,0.0
0.8,0.2,0.04764551810760769,0.4,1.0,0.0,0.40475025926184555,0.0,0.0,1.0,0.0,0.0
0.36,0.30000000000000004,0.04764551810760769,0.1,1.0,1.0,0.8276845631205302,0.0,0.0,0.0,0.0,1.0
0.9600000000000001,0.15000000000000002,0.04764551810760769,0.2,0.0,1.0,0.6098941083183285,0.0,0.0,0.0,0.0,1.0
0.3466666666666667,0.45,0.04764551810760769,0.4,0.0,0.0,0.38549255148671135,0.0,0.0,1.0,0.0,0.0
0.8400000000000001,0.1,0.04764551810760769,0.2,0.0,0.0,0.39123777997828263,0.0,0.0,1.0,0.0,0.0
0.8666666666666667,0.45,0.7662192609579808,0.30000000000000004,0.0,1.0,0.728768740834796,0.0,0.0,0.0,0.0,1.0
0.3333333333333333,0.5,0.6544160510508386,0.1,1.0,0.0,0.6039526451711268,0.0,0.0,1.0,0.0,0.0
0.45333333333333337,0.05,0.04764551810760769,0.30000000000000004,1.0,1.0,0.4505646235786118,0.0,0.0,0.0,0.0,1.0
0.9866666666666667,0.30000000000000004,0.3151833449564575,0.2,0.0,0.0,0.46249141879806943,0.0,0.0,0.0,0.0,1.0
0.7466666666666667,0.45,0.04764551810760769,0.4,1.0,0.0,0.7821580229711097,0.0,0.0,1.0,0.0,0.0
0.4,0.15000000000000002,0.060582133893149114,0.4,1.0,0.0,0.6462855075679648,0.0,0.0,0.0,0.0,1.0
0.8533333333333334,0.35000000000000003,0.04764551810760769,0.30000000000000004,0.0,0.0,0.5251999212460255,0.0,0.0,0.0,0.0,1.0
0.38666666666666666,0.5,0.22107010594886217,0.1,1.0,1.0,0.3952205481444695,0.0,0.0,0.0,0.0,1.0
0.36,0.30000000000000004,0.753023882363597,0.1,0.0,0.0,0.38455574734940656,0.0,0.0,1.0,0.0,0.0
1.0,0.5,0.04764551810760769,0.1,1.0,1.0,0.6661130111530114,0.0,0.0,1.0,0.0,0.0
0.9466666666666667,0.30000000000000004,0.8117023872262746,0.2,1.0,1.0,0.7313685623978184,0.0,0.0,0.0,0.0,1.0
0.4266666666666667,0.05,0.04764551810760769,0.2,1.0,1.0,0.5682595971902278,0.0,0.0,1.0,0.0,0.0
0.8133333333333334,0.15000000000000002,0.04764551810760769,0.30000000000000004,1.0,0.0,0.4473265266636027,0.0,0.0,0.0,0.0,1.0
0.5733333333333334,0.45,0.04764551810760769,0.30000000000000004,0.0,0.0,0.6546778280150056,0.0,0.0,0.0,0.0,1.0
0.7466666666666667,0.15000000000000002,0.04764551810760769,0.2,0.0,0.0,0.36850767421065445,0.0,0.0,1.0,0.0,0.0
0.9333333333333333,0.05,0.730238032720369,0.30000000000000004,0.0,1.0,0.9758593857390078,0.0,0.0,1.0,0.0,0.0
0.6933333333333334,0.2,0.04764551810760769,0.4,0.0,0.0,0.9305063204266321,0.0,0.0,1.0,0.0,0.0
0.32,0.25,0.2878228108921275,0.4,0.0,1.0,0.8265548257518294,0.0,0.0,0.0,0.0,1.0
0.9066666666666667,0.15000000000000002,0.04764551810760769,0.4,0.0,1.0,0.9517025144647402,0.0,0.0,0.0,0.0,1.0
0.9466666666666667,0.15000000000000002,0.04764551810760769,0.2,1.0,0.0,0.8869185666696613,0.0,0.0,0.0,0.0,1.0
0.3333333333333333,0.5,0.04764551810760769,0.4,0.0,0.0,0.7549812489107801,0.0,0.0,1.0,0.0,0.0
0.41333333333333333,0.30000000000000004,0.04764551810760769,0.1,0.0,0.0,0.9660661609418303,0.0,0.0,1.0,0.0,0.0
0.88,0.2,0.04764551810760769,0.30000000000000004,0.0,1.0,0.5722019479203329,0.0,0.0,0.0,0.0,1.0
0.8133333333333334,0.1,0.24290333110304665,0.30000000000000004,1.0,0.0,0.5381798707962615,0.0,0.0,1.0,0.0,0.0
0.76,0.05,0.04764551810760769,0.1,0.0,1.0,0.610040871632022,0.0,0.0,1.0,0.0,0.0
0.7066666666666667,0.35000000000000003,0.2968216675426295,0.1,0.0,0.0,0.38234814498974856,0.0,0.0,1.0,0.0,0.0
0.36,0.2,0.04764551810760769,0.4,0.0,0.0,0.3971098631949823,0.0,0.0,1.0,0.0,0.0
0.32,0.45,0.7778827408541688,0.1,0.0,0.0,0.7716999113417528,0.0,0.0,0.0,0.0,1.0
0.4666666666666667,0.15000000000000002,0.04764551810760769,0.1,0.0,0.0,0.6872340227574175,0.0,0.0,1.0,0.0,0.0
0.5866666666666667,0.35000000000000003,0.04764551810760769,0.2,0.0,1.0,0.9867414802745905,0.0,0.0,0.0,0.0,1.0
0.6133333333333334,0.4,0.7668148299343258,0.4,1.0,1.0,0.705365244566506,0.0,0.0,0.0,0.0,1.0
0.45333333333333337,0.5,0.8641685359194559,0.4,1.0,1.0,0.5209767993912574,0.0,0.0,0.0,0.0,1.0
0.41333333333333333,0.4,0.7350720040510125,0.2,0.0,1.0,0.5816946930905993,0.0,0.0,1.0,0.0,0.0
0.7733333333333333,0.05,0.6584665871272387,0.4,0.0,1.0,0.9182868489466357,0.0,0.0,1.0,0.0,0.0
0.38666666666666666,0.2,0.6152059813421104,0.30000000000000004,1.0,0.0,0.4547553814715668,0.0,0.0,0.0,0.0,1.0
0.6,0.25,0.04764551810760769,0.0,0.0,0.0,0.9589196779490673,0.0,0.0,1.0,0.0,0.0
0.52,0.5,0.5603213461497871,1.0,0.0,0.0,0.6707281021032474,0.0,0.0,0.0,0.0,1.0
0.6,0.05,0.8412119723848482,0.1,0.0,1.0,0.6700422562293373,0.0,0.0,1.0,0.0,0.0
0.6533333333333333,0.30000000000000004,0.04764551810760769,0.2,1.0,0.0,0.4196146717694013,0.0,0.0,0.0,0.0,1.0
0.5733333333333334,0.5,0.21410499823878343,0.30000000000000004,0.0,1.0,0.7985735046098887,0.0,0.0,1.0,0.0,0.0
0.5066666666666667,0.4,0.04764551810760769,0.1,0.0,1.0,0.5639373825868479,0.0,0.0,1.0,0.0,0.0
0.72,0.45,0.04764551810760769,0.4,0.0,1.0,0.3999771001209922,0.0,0.0,1.0,0.0,0.0
0.8,0.15000000000000002,0.04764551810760769,0.1,0.0,0.0,0.9648658431247241,0.0,0.0,1.0,0.0,0.0
0.92,0.5,0.8282782629759113,0.2,0.0,1.0,0.8839788484752322,0.0,0.0,1.0,0.0,0.0
0.0,0.5,0.306064707473433,0.4,1.0,1.0,0.4305039193908252,0.0,0.0,0.0,0.0,1.0
0.6533333333333333,0.45,0.357270251048523,0.2,1.0,1.0,0.9449591053580515,0.0,0.0,0.0,0.0,1.0
0.76,0.4,0.3037135440913769,0.2,0.0,1.0,0.4240528864151995,0.0,0.0,1.0,0.0,0.0
0.44,0.05,0.7983382005612356,0.2,0.0,0.0,0.4485152894958885,0.0,0.0,0.0,0.0,1.0
0.7866666666666667,0.25,0.7695023230287036,0.30000000000000004,1.0,1.0,0.36187496285897736,0.0,0.0,1.0,0.0,0.0
0.3466666666666667,0.30000000000000004,0.04764551810760769,0.30000000000000004,1.0,0.0,0.6534253877122591,0.0,0.0,0.0,0.0,1.0
0.4,0.25,0.7697194913002381,0.2,1.0,1.0,0.6126211347575343,0.0,0.0,0.0,0.0,1.0
0.44,0.15000000000000002,0.1001235305347976,0.4,1.0,0.0,0.3712661642232459,0.0,0.0,1.0,0.0,0.0
0.8666666666666667,0.15000000000000002,0.04764551810760769,0.4,1.0,0.0,0.3604592020997858,0.0,0.0,1.0,0.0,0.0
0.36,0.2,0.11088655778426995,0.1,0.0,0.0,0.7185467810813585,0.0,0.0,1.0,0.0,0.0
0.5333333333333333,0.05,0.04764551810760769,0.4,0.0,0.0,0.4538967610627225,0.0,0.0,0.0,0.0,1.0
0.48000000000000004,0.15000000000000002,0.8890626520934273,0.1,1.0,1.0,0.8203410451268677,0.0,0.0,0.0,0.0,1.0
0.72,0.35000000000000003,0.15684099351768432,0.4,1.0,0.0,0.3603578083585259,0.0,0.0,0.0,0.0,1.0
0.6133333333333334,0.30000000000000004,0.29592240603386655,0.1,1.0,1.0,0.47956423401055215,0.0,0.0,0.0,0.0,1.0
0.49333333333333335,0.30000000000000004,0.04764551810760769,0.2,1.0,1.0,0.4862587220126763,0.0,0.0,1.0,0.0,0.0
0.38666666666666666,0.35000000000000003,0.04764551810760769,0.2,1.0,0.0,0.849097750769682,0.0,0.0,1.0,0.0,0.0
0.5333333333333333,0.1,0.8004450853719539,0.2,1.0,0.0,0.8004794268247323,0.0,0.0,0.0,0.0,1.0
0.7733333333333333,0.25,0.15180962680552096,0.2,1.0,0.0,0.7180420633461275,0.0,0.0,0.0,0.0,1.0
0.7866666666666667,0.1,0.3952665511834599,0.4,0.0,1.0,0.5967916559203641,0.0,0.0,0.0,0.0,1.0
1.0,0.1,0.9587456516913468,0.2,1.0,1.0,0.677358662527014,0.0,0.0,0.0,0.0,1.0
0.36,0.15000000000000002,0.04764551810760769,0.2,1.0,1.0,0.453649104223562,0.0,0.0,1.0,0.0,0.0
0.8266666666666667,0.15000000000000002,0.04764551810760769,0.1,0.0,1.0,0.4939095725896152,0.0,0.0,1.0,0.0,0.0
0.41333333333333333,0.15000000000000002,0.6276654749093222,0.1,1.0,0.0,0.8184254187256382,0.0,0.0,1.0,0.0,0.0
0.5466666666666667,0.35000000000000003,0.21736600043462243,0.30000000000000004,1.0,1.0,0.6104777601057096,0.0,0.0,1.0,0.0,0.0
0.6666666666666667,0.25,0.6906177827462524,0.1,1.0,1.0,0.6577276437054945,0.0,0.0,0.0,0.0,1.0
0.7866666666666667,0.45,0.4904907407367703,0.2,1.0,1.0,0.9117052096274333,0.0,0.0,1.0,0.0,0.0
0.88,0.1,0.932642625786431,0.1,0.0,1.0,0.7343798614722391,0.0,0.0,0.0,0.0,1.0
0.7866666666666667,0.30000000000000004,0.04764551810760769,0.2,1.0,0.0,0.8878471172463801,0.0,0.0,1.0,0.0,0.0
0.6533333333333333,0.05,0.04764551810760769,0.2,1.0,1.0,0.9144145284275637,0.0,0.0,1.0,0.0,0.0
0.8533333333333334,0.1,0.04764551810760769,0.30000000000000004,1.0,0.0,0.8169683401419372,0.0,0.0,1.0,0.0,0.0
0.9600000000000001,0.45,0.3309700679896779,0.30000000000000004,1.0,1.0,0.5918778861200722,0.0,0.0,0.0,0.0,1.0
0.9333333333333333,0.4,0.04764551810760769,0.1,1.0,1.0,0.7179520245033708,0.0,0.0,1.0,0.0,0.0
0.6666666666666667,0.4,0.04764551810760769,0.4,0.0,0.0,0.9280176968344144,0.0,0.0,0.0,0.0,1.0
0.5066666666666667,0.45,0.04764551810760769,0.1,0.0,0.0,0.5547060001684727,0.0,0.0,1.0,0.0,0.0
0.37333333333333335,0.4,0.04764551810760769,0.1,1.0,0.0,0.6273641448921065,0.0,0.0,1.0,0.0,0.0
0.41333333333333333,0.05,0.04764551810760769,0.4,1.0,0.0,0.5045836273768504,0.0,0.0,0.0,0.0,1.0
0.7733333333333333,0.35000000000000003,0.4520641539278036,0.30000000000000004,1.0,1.0,0.6196494667799688,0.0,0.0,1.0,0.0,0.0
0.6933333333333334,0.4,0.15217354327282687,0.30000000000000004,1.0,0.0,0.8741236469412905,0.0,0.0,0.0,0.0,1.0
0.38666666666666666,0.30000000000000004,0.44506712372059276,0.1,1.0,0.0,1.0,0.0,0.0,1.0,0.0,0.0
0.38666666666666666,0.35000000000000003,0.7880501514817779,0.4,1.0,1.0,0.9711838687209663,0.0,0.0,1.0,0.0,0.0
0.4666666666666667,0.35000000000000003,0.04764551810760769,0.4,1.0,0.0,0.7023409899030442,0.0,0.0,0.0,0.0,1.0
0.9600000000000001,0.4,0.5300095534028357,0.2,1.0,0.0,0.5701850778425812,0.0,0.0,1.0,0.0,0.0
0.9333333333333333,0.45,0.04764551810760769,0.1,0.0,0.0,0.9795345211924426,0.0,0.0,1.0,0.0,0.0
0.36,0.45,0.04764551810760769,0.30000000000000004,0.0,1.0,0.6807247146418965,0.0,0.0,0.0,0.0,1.0
0.8133333333333334,0.25,0.8423972499388113,0.2,1.0,0.0,0.8230795765293147,0.0,0.0,0.0,0.0,1.0
0.52,0.5,0.47239220951945066,0.2,0.0,1.0,0.6386452615658396,0.0,0.0,1.0,0.0,0.0
0.68,0.15000000000000002,0.04764551810760769,0.1,1.0,0.0,0.6295089201481519,0.0,0.0,1.0,0.0,0.0
0.7733333333333333,0.1,0.6191391665074115,0.2,0.0,1.0,0.9953160293350551,0.0,0.0,0.0,0.0,1.0
0.41333333333333333,0.2,0.04764551810760769,0.4,0.0,1.0,0.6981501819885099,0.0,0.0,0.0,0.0,1.0
0.8,0.30000000000000004,0.07511463630770486,0.2,1.0,0.0,0.4635659823647922,0.0,0.0,0.0,0.0,1.0
0.8400000000000001,0.5,0.46827368328871094,0.2,1.0,0.0,0.7730246828481807,0.0,0.0,0.0,0.0,1.0
0.92,0.25,0.04764551810760769,0.30000000000000004,1.0,0.0,0.5146656267513805,0.0,0.0,0.0,0.0,1.0
0.7066666666666667,0.4,0.04764551810760769,0.1,1.0,0.0,0.4839054568140696,0.0,0.0,0.0,0.0,1.0
0.5866666666666667,0.2,0.04764551810760769,0.1,0.0,1.0,0.7424599472212312,0.0,0.0,0.0,0.0,1.0
0.52,0.35000000000000003,0.9390895884870895,0.1,1.0,1.0,0.6594816003623963,0.0,0.0,1.0,0.0,0.0
0.8266666666666667,0.15000000000000002,0.04764551810760769,0.30000000000000004,1.0,1.0,0.43793977721989263,0.0,0.0,0.0,0.0,1.0
